,,,,,,,,,,,,,,,,,,,,,,,,,,,,
,LEGAL & ADMIN  – CONTENT MATRIX,,,,,,,,,,,,,,,,,,,,,,,,,,,
,,,,,,,,,,,,,,,,,,,,,,,,,,,,
,A. IMMEDIATE ACTIONS ,,,,,,,,,,,,,,,,,,,,,,,,,,,
No.,Step,Timing,Instructions,Article Topics (2–4 min each),Loss Type Primary,Loss Type Secondary,Context,,,,,,,,,,,,,,,,,,,,,
,Уведомете най-близките и определете основен човек за координация,First 24–72h,"Свържете се с най-близките членове на семейството и решете кой ще бъде основният контакт за разговори, документи и организация през първите дни. Ако има деца, уведомете ги по подходящ за възрастта им начин - поднесете информацията спокойно, ясно и с подкрепа от доверен възрастен, когато е необходимо.",,,,,,,,,,,,,,,,,,,,,,,,,
,,,,,,,,,,,,,,,,,,,,,,,,,,,,
,,,,,,,,,,,,,,,,,,,,,,,,,,,,
,,,,,,,,,,,,,,,,,,,,,,,,,,,,
,,,,,,,,,,,,,,,,,,,,,,,,,,,,
,,,,,,,,,,,,,,,,,,,,,,,,,,,,
,,,,,,,,,,,,,,,,,,,,,,,,,,,,
,,,,,,,,,,,,,,,,,,,,,,,,,,,,
,,,,,,,,,,,,,,,,,,,,,,,,,,,,
,,,,,,,,,,,,,,,,,,,,,,,,,,,,
,,,,,,,,,,,,,,,,,,,,,,,,,,,,
,,,,,,,,,,,,,,,,,,,,,,,,,,,,
,,,,,,,,,,,,,,,,,,,,,,,,,,,,
,Осигурете медицинско установяване на смъртта,First 24–72h,"Ако смъртта е настъпила в болница, лечебното заведение обичайно организира медицинското установяване. Ако е настъпила у дома или извън болница, трябва да бъде повикан лекар или спешна помощ (номер: 112), за да бъде смъртта официално установена. Ако става дума за смърт на дете, свържете се с лекуващия лекар или педиатъра, ако е необходимо. Ако смъртта е внезапна, насилствена или при неясни обстоятелства - уведомете полицията незабавно. При такива случаи може да има допълнителни процедури и действия не могат да продължат по стандартния ред веднага. Извършва се оглед на трупа, по възможност на мястото на откриване. Задължително се назначава съдебномедицинска експертиза. Погребение и кремация не се допускат без разрешение и до приключване на разследващите действия",,,,,,,,,,,,,,,,,,,,,,,,,
,,,,,,,,,,,,,,,,,,,,,,,,,,,,
,,,,,,,,,,,,,,,,,,,,,,,,,,,,
,,,,,,,,,,,,,,,,,,,,,,,,,,,,
,,,,,,,,,,,,,,,,,,,,,,,,,,,,
,,,,,,,,,,,,,,,,,,,,,,,,,,,,
,Проверете дали починалият е изразил воля за даряване на органи,First 24–72h,"Българското законодателство не предвижда изрична формална процедура за заявяване на съгласие за даряване на органи при смърт, а само ред за изразяване на писмено несъгласие. Това не е пречка починалят да е изразил съгласие за донорство. Проверете в личните документи или PlanAfter. Ако починалият приживе е изразил нежелание за донорство, уведомете незабавно лекарския екип. Те могат да проверят в регистъра на Изпълнителната агенция „Медицински надзор“. Ако липсва вписано в регистъра несъгласие, близките следва да посочат дали са съгласни или възразяват против донорството. Ако починалят е изразил съгласие, тогава също уведомете медицинските лица. Те ще преценят дали в конкретния случай има медицинска възможност и време за донорски процес.",,,,,,,,,,,,,,,,,,,,,,,,,
,,,,,,,,,,,,,,,,,,,,,,,,,,,,
,,,,,,,,,,,,,,,,,,,,,,,,,,,,
,,,,,,,,,,,,,,,,,,,,,,,,,,,,
,,,,,,,,,,,,,,,,,,,,,,,,,,,,
,,,,,,,,,,,,,,,,,,,,,,,,,,,,
,"Вземете медицинския документ, необходим за регистрацията на смъртта",First 24–72h,"За да бъде съставен акт за смърт, е необходим съответният медицински документ -  / съобщение за смърт, въз основа на който се прави официалната регистрация. Съобщението за смърт се изготвя от лекар, а при липса на такъв – от фелдшер, когато е настъпила извън лечебно заведение. При спонтанен аборт или загуба на бременост, проверете какви документи ще издаде болницата и дали се съставя акт за раждане на мъртвородено дете. Ако се състави такъв акт, при поискване от родителите, им се издава препис-извлечение от акта, който представлява разрешение за погребение. Ако смъртта е внезапна, насилствена или при неясни обстоятелства, актът за смърт може да се забави до приключване на съдебномедицинска експертиза.",,,,,,,,,,,,,,,,,,,,,,,,,
,,,,,,,,,,,,,,,,,,,,,,,,,,,,
,,,,,,,,,,,,,,,,,,,,,,,,,,,,
,,,,,,,,,,,,,,,,,,,,,,,,,,,,
,,,,,,,,,,,,,,,,,,,,,,,,,,,,
,,,,,,,,,,,,,,,,,,,,,,,,,,,,
,Упражнете правото на аутопсия или изричен отказ от нея,First 24–72h,"По правило се извършва патологоанатомична аутопсия. В някои случаи близките могат да поискат да не се извършва медицинска аутопсия по изрична писмена молба. Тези случаи са когато окончателната диагноза не подлежи на съмнение и няма въпроси, които да се решават чрез аутопсия. 
Аутопсия на лица, починали извън лечебно заведение може да се поиска лекаря, който е констатирал смъртта или от близките на починалия. Тогава аутопсията се извършва в болницата, която обслужва територията, на която е настъпила смъртта Ако обаче смъртта е насилствена, съмнителна или случаят подлежи на съдебномедицинска експертиза, това не може да бъде отказано от семейството.
Не се допуска патологоанатомична аутопсия, когато трупът подлежи на съдебномедицинска експертиза. В тези случаи аутопсията се извършва само от съдебен лекар и не може да бъде отказана.",,,,,,,,,,,,,,,,,,,,,,,,,
,Регистрирайте смъртта и вземете първите удостоверителни документи,First 24–72h,"Смъртта се удостоверява чрез акт за смърт, който се съставя от длъжностното лице по гражданското състояние в общината където е настъпила смъртта в срок до 48 часа след настъпването ѝ, въз основа на съобщение от компетентно медицинско лице. Трябва да носите и личен документ на починалото лице. При съдебно-медицинско освидетелстване, актът може да се състави и след 48 часа, като органът, назначил експертизата, издава документ за причината за забавянето. 
Уверете се, че смъртта е регистрирана по надлежния ред и вземете първите преписи-извлечения от акта за смърт, защото те ще са необходими за почти всички следващи административни стъпки. Подгответе достатъчно преписи или извлечения, които да използвате пред държавни институции, банки, работодатели, застрахователи и други организации. Препис-извлечение също така служи и като разрешение за погребение.",,,,,,,,,,,,,,,,,,,,,,,,,
,При смърт на домашен любимец се свържете с ветеринарен лекар и организирайте законосъобразно обезвреждане,First 24–72h,Ветеринарният лекар може да ви насочи какви документи или потвърждение са необходими в конкретния случай и какви са възможностите за кремация или друго разрешено обезвреждане. Не изхвърляйте тялото като битов отпадък; проверете какъв е приложимият ред и кои лицензирани/регистрирани услуги са налични във вашия район. ,,,,,,,,,,,,,,,,,,,,,,,,,
,Ако смъртта е настъпила в чужбина ,First 24–72h,"Свържете се с българското посолство или консулство. Те могат да насочат семейството относно местните процедури, документите и следващите действия. 

За регистрация в България обикновено е необходим местен акт за смърт или заверен препис/извлечение от него, а когато се изисква — и легализация или апостил, заедно със заверен превод на български. Чуждият акт за смърт следва да се представи пред българското дипломатическо или консулско представителство в срок до 6 месеца за осигуряване на своевременна и служебна регистрация на събитието „смърт“ в българските регистри по постоянен адрес на починалия. Може да се представи завереният препис от чуждия акт директно в общината по постоянния адрес на починалия в България и след изтичане на 6 месечния срок.

Ако тялото трябва да бъде транспортирано до България, започнете организацията възможно най-рано чрез застрахователя или погребална агенция.

Ако не е съставен чужд акт за смърт, но тялото е докарано в България, документите, съпровождащи трупа, издадени от чуждестранните компетентни органи следва да се предоставят на българско лечебно заведение. След медицинско установяване на смъртта, лечебното заведение издава съобщението за смърт. Въз основа на него се издава актът за смърт, както когато смъртта е настъпила в България. Особеното е, че актът се издава от общината по постоянния адрес на починалия. ",,,,,,,,,,,,,,,,,,,,,,,,,
,Започнете организацията на погребението,First 24–72h,"Свържете се с погребална агенция, храм, гробищен парк или други нужни страни, за да започне подготовката по погребението или кремацията. Потърсете информация дали починалият е оставил изрични желания относно погребение, религиозен ритуал, дарения или други неотложни решения.",,,,,,,,,,,,,,,,,,,,,,,,,
,"Погрижете се за деца, зависими близки и домашни любимци",First 24–72h,"Ако починалият се е грижил за деца, възрастен човек, човек с увреждане или домашни любимци, организирайте незабавна временна грижа. 
Когато починалият е бил единствен родител и е останало без детето остава без законен представител, следва незабавно да уведоми дирекция „Социално подпомагане“, които ще настанят временно детето при семейство или близки.
Настаняване при роднини или близки е допустимо при тяхното писмено съгласие и след проверка на годността.
",,,,,,,,,,,,,,,,,,,,,,,,,
,,,,,,,,,,,,,,,,,,,,,,,,,,,,
,,,,,,,,,,,,,,,,,,,,,,,,,,,,
,,,,,,,,,,,,,,,,,,,,,,,,,,,,
,,,,,,,,,,,,,,,,,,,,,,,,,,,,
,,,,,,,,,,,,,,,,,,,,,,,,,,,,
,Обезопасете дома и най-важното имущество,First 24–72h,"Заключете жилището, осигурете достъп при необходимост и се уверете, че ценностите, лекарствата и другото имущество са защитени. Ако починалият е притежавал оръжие, ограничете достъпа до него и потърсете съдействие от полицията/МВР. МВР следва временно да го съхранява, в срок до една година, докато наследниците се разпоредят с него.",,,,,,,,,,,,,,,,,,,,,,,,,
,,,,,,,,,,,,,,,,,,,,,,,,,,,,
,,,,,,,,,,,,,,,,,,,,,,,,,,,,
,,,,,,,,,,,,,,,,,,,,,,,,,,,,
,,,,,,,,,,,,,,,,,,,,,,,,,,,,
,,,,,,,,,,,,,,,,,,,,,,,,,,,,
,Съберете и обезопасете важните документи и лични вещи,First 24–72h,"Подгответе папка или електронно досие с основните документи и информация и осигурете телефона, личните документи, банковите карти, ключовете и другите важни лични вещи, за да се предотврати загуба или злоупотреба.",,,,,,,,,,,,,,,,,,,,,,,,,
,,,,,,,,,,,,,,,,,,,,,,,,,,,,
,,,,,,,,,,,,,,,,,,,,,,,,,,,,
,,,,,,,,,,,,,,,,,,,,,,,,,,,,
,,,,,,,,,,,,,,,,,,,,,,,,,,,,
,,,,,,,,,,,,,,,,,,,,,,,,,,,,
,"Уведомете работодателя, ако това е необходимо веднага",First 24–72h,"Ако има спешна практическа причина, уведомете работодателя на починалия още в първите дни. Подробните действия, свързани с трудови права, обезщетения или пенсии, могат да бъдат разгледани в следваща категория.",,,,,,,,,,,,,,,,,,,,,,,,,
,,,,,,,,,,,,,,,,,,,,,,,,,,,,
,B. FUNERAL ,,,,,,,,,,,,,,,,,,,,,,,,,,,
,Изберете кой ще координира организацията,First 2 weeks,"Решете кой човек ще води комуникацията с погребалната агенция, гробищния парк, църквата, крематориума и останалите участници в организацията.",,ALL,,AN,,,,,,,,,,,,,,,,,,,,,
,,,,,ALL,,-,,,,,,,,,,,,,,,,,,,,,
,,,,,ALL,,-,,,,,,,,,,,,,,,,,,,,,
,,,,,ALL,,SP,,,,,,,,,,,,,,,,,,,,,
,,,,,"LPA, LC",,SP,,,,,,,,,,,,,,,,,,,,,
,,,,,LS,LC,TR,,,,,,,,,,,,,,,,,,,,,
,,,,,LM,LC,"TR, SP",,,,,,,,,,,,,,,,,,,,,
,,,,,LS,LC,TR,,,,,,,,,,,,,,,,,,,,,
,,,,,LC,-,ID,,,,,,,,,,,,,,,,,,,,,
,,,,,LPT,LO,SO,,,,,,,,,,,,,,,,,,,,,
,Изберете погребална агенция или организирайте услугите самостоятелно,First 2 weeks,Преценете дали ще работите с погребална агенция за цялостна организация или ще поемете отделните дейности поотделно.,,ALL,,AN,,,,,,,,,,,,,,,,,,,,,
,,,,,ALL,,TR,,,,,,,,,,,,,,,,,,,,,
,,,,,"LS, LC",,TR,,,,,,,,,,,,,,,,,,,,,
,,,,,"LS, LC",,TR,,,,,,,,,,,,,,,,,,,,,
,,,,,LC,LP,TR,,,,,,,,,,,,,,,,,,,,,
,,,,,LS,LC,TR,,,,,,,,,,,,,,,,,,,,,
,,,,,LS,LC,TR,,,,,,,,,,,,,,,,,,,,,
,,,,,LPT,-,ID,,,,,,,,,,,,,,,,,,,,,
,Решете какъв тип изпращане ще има,,"Уточнете дали ще има погребение или кремация и какъв ритуал желае семейството. Съобразете се с предварително изразените желания на починалия, религиозните предпочитания, семейните традиции, както и с евентуално запазено място, сключен договор или предплатени услуги.",,LS,,TR,,,,,,,,,,,,,,,,,,,,,
,,,,,ALL,,AN,,,,,,,,,,,,,,,,,,,,,
,,First 2 weeks,,,"LC, LS",,TR,,,,,,,,,,,,,,,,,,,,,
,,,,,ALL,,AN,,,,,,,,,,,,,,,,,,,,,
,,,,,LS,LC,TR,,,,,,,,,,,,,,,,,,,,,
,,,,,LC,LS,AN,,,,,,,,,,,,,,,,,,,,,
,"Определете дата, час и място на церемонията",,"Съгласувайте датата, часа и мястото на опелото, погребението, кремацията или другата форма на изпращане.",,,,,,,,,,,,,,,,,,,,,,,,,
,Организирайте необходимите ритуални услуги,,"Уточнете ковчег/урна (ако са нужни), транспорт, хладилна камера, подготовка на тялото, цветя, музика, снимка и други елементи на церемонията.",,,,,,,,,,,,,,,,,,,,,,,,,
,Координирайте религиозната или светската церемония,,"Ако семейството желае религиозен ритуал, свържете се със съответния храм или духовно лице. Ако церемонията ще е светска, уточнете как ще протече.",,"LP, LC",,ID,,,,,,,,,,,,,,,,,,,,,
,,,,,"LP, LC",,ID,,,,,,,,,,,,,,,,,,,,,
,,,,,ALL,,SP,,,,,,,,,,,,,,,,,,,,,
,,,,,ALL,,-,,,,,,,,,,,,,,,,,,,,,
,,First 2 weeks,,,LP,LC,ID,,,,,,,,,,,,,,,,,,,,,
,,,,,LC,LP,ID,,,,,,,,,,,,,,,,,,,,,
,"Уведомете близки, приятели и общността",,"Решете кого да уведомите, по какъв начин и дали ще има некролог, публикация, лично съобщение или друг формат.",,LC,LS,GU,,,,,,,,,,,,,,,,,,,,,
,,,,,LS,LC,GU,,,,,,,,,,,,,,,,,,,,,
,,,,,LI,LPA,GU,,,,,,,,,,,,,,,,,,,,,
,,,,,LC,LP,GU,,,,,,,,,,,,,,,,,,,,,
,,,,,"LS, LC",,GU,,,,,,,,,,,,,,,,,,,,,
,,,,,"LI, LC",,GU,,,,,,,,,,,,,,,,,,,,,
,,,,,LI,LPA,"GU, CH",,,,,,,,,,,,,,,,,,,,,
,,,,,LM,LO,"SO, GU",,,,,,,,,,,,,,,,,,,,,
,Подгответе практическата организация за деня,First 2 weeks (or up to 1 month if body abroad),"Уточнете кой ще посреща хората, кой ще носи необходимите документи, кой ще координира транспорта и кой ще бъде на разположение за неочаквани въпроси.",,"LP, LC",,AN,,,,,,,,,,,,,,,,,,,,,
,,,,,ALL,,AN,,,,,,,,,,,,,,,,,,,,,
,,,,,ALL,,AN,,,,,,,,,,,,,,,,,,,,,
,,,,,ALL,,AN,,,,,,,,,,,,,,,,,,,,,
,,,,,LP,LC,AN,,,,,,,,,,,,,,,,,,,,,
,,,,,LC,LP,AN,,,,,,,,,,,,,,,,,,,,,
,"Планирайте помена или събирането след церемонията, ако семейството желае",,"Ако ще има събиране след церемонията, организирайте място, храна, брой хора и логистика.",,,,,,,,,,,,,,,,,,,,,,,,,
,Съберете и пазете всички документи и разходни документи,,"Пазете фактури, касови бележки, договори и други документи, свързани с погребението и съпътстващите услуги.",,,,,,,,,,,,,,,,,,,,,,,,,
,Проверете дали има нужда от допълнителни последващи действия,,"След церемонията, запишете какво остава за довършване — плащания, получаване на документи, надпис на паметен знак, уведомяване на хора, които още не знаят, и други.",,ALL,,SP,,,,,,,,,,,,,,,,,,,,,
,,,,,ALL,,SP,,,,,,,,,,,,,,,,,,,,,
,,,,,"LP, LC",,SP,,,,,,,,,,,,,,,,,,,,,
,,,,,ALL,,SP,,,,,,,,,,,,,,,,,,,,,
,,,,,LC,,ID,,,,,,,,,,,,,,,,,,,,,
,,,,,LP,,ID,,,,,,,,,,,,,,,,,,,,,
,,,,,ALL,,ID,,,,,,,,,,,,,,,,,,,,,
,,,,,"LS, LC",,ID,,,,,,,,,,,,,,,,,,,,,
,,,,,ALL,,AN,,,,,,,,,,,,,,,,,,,,,
,,,,,ALL,,-,,,,,,,,,,,,,,,,,,,,,
,,,,,LC,LP,ID,,,,,,,,,,,,,,,,,,,,,
,,,,,LP,LC,ID,,,,,,,,,,,,,,,,,,,,,
,C. KEY INFORMATION GATHERING,first 1-4 weeks,,,,,,,,,,,,,,,,,,,,,,,,,,
,,,,,,,,,,,,,,,,,,,,,,,,,,,,
,"Проверете дали има завещание, нотариални актове или други ключови документи",,"Ако има данни за завещание, нотариални актове, пълномощни или други важни документи, установете къде се намират и кой има достъп до тях. Ако у вас се намира саморъчно завещание, законът изисква то да бъде представено за обявяване пред нотариус веднага след като узнаете за смъртта на завещателя. Нотариусът обявява завещанието с протокол.
Освен проверката сред личните документи, при необходимост поискайте справка чрез нотариус, Нотариалната камара или службата по вписванията за нотариално завещание или саморъчно завещание, предадено за пазене.",,ALL,,ID,,,,,,,,,,,,,,,,,,,,,
,,,,,ALL,,ID,,,,,,,,,,,,,,,,,,,,,
,,,,,"LP, LPA",,AN,,,,,,,,,,,,,,,,,,,,,
,,,,,ALL,,_,,,,,,,,,,,,,,,,,,,,,
,,,,,LP,LC,AN,,,,,,,,,,,,,,,,,,,,,
,,,,,LP,LC,ID,,,,,,,,,,,,,,,,,,,,,
,Извадете удостоверение за наследници,,"Това е един от основните документи, с който по-късно се доказва кои са законните наследници пред институции, банки, нотариус и други страни. Издава се от общината по последния постоянен адрес на починалия. Добре е да заявите няколко оригинала, тъй като документът често е необходим при наследствени, пенсионни, имуществени и нотариални процедури. Таксата и срокът за издаване зависят от съответната община. Ако има повече от един наследник, всеки от тях може самостоятелно да извършва проверки и справки.",,LC,LP,GU,,,,,,,,,,,,,,,,,,,,,
,,,,,LC,LP,-,,,,,,,,,,,,,,,,,,,,,
,,first 1-4 weeks,,,LC,LP,GU,,,,,,,,,,,,,,,,,,,,,
,,,,,LC,LP,-,,,,,,,,,,,,,,,,,,,,,
,,,,,LC,LP,-,,,,,,,,,,,,,,,,,,,,,
,,,,,LC,LP,-,,,,,,,,,,,,,,,,,,,,,
,"Проверете дали ще са нужни допълнителни заверки, преводи или документи от чужбина",,"Ако смъртта, семейното положение, имуществото или други обстоятелства са свързани с чужбина, проверете дали ще са нужни преводи, легализация, апостил или допълнителни документи.",,LC,LP,SP,,,,,,,,,,,,,,,,,,,,,
,,,,,LP,LPA,ID,,,,,,,,,,,,,,,,,,,,,
,,,,,LC,LP,SP,,,,,,,,,,,,,,,,,,,,,
,,,,,LP,LC,ID,,,,,,,,,,,,,,,,,,,,,
,,,,,LP,LC,ID,,,,,,,,,,,,,,,,,,,,,
,,,,,LC,LP,ID,,,,,,,,,,,,,,,,,,,,,
,Направете справка в РБСС при БНБ,first 1-4 weeks,"Чрез Регистъра на банковите сметки и сейфове можете да установите наличните банкови и платежни сметки и наети сейфове на починалия, отразени в регистъра. Справката за физически лица е безплатна в 14-дневен срок, а искането може да се подаде на хартия или по електронен път.",,,,,,,,,,,,,,,,,,,,,,,,,
,Проверете за други активи на починалия:,,"Освен справката в РБСС при БНБ, проверете дали починалият е притежавал други активи, които не се виждат автоматично от банковите регистри.. Важно: Самото извършване на справки и проучване на наследството не се счита за приемане на наследството.",,,,,,,,,,,,,,,,,,,,,,,,,
,- Недвижими имоти,,"Проверете в Имотния регистър / Службата по вписванията дали починалият е притежавал имоти, вещни права или други вписани права и ограничения. Ако има съмнение за имоти, придобити преди 1997 г. или наследени от по-ранни поколения, може да са нужни допълнителни проверки в общини, поземлени комисии и кадастъра.",,,,,,,,,,,,,,,,,,,,,,,,,
,- МПС,,"Проверете дали починалият е притежавал автомобили или други превозни средства, включително чрез документите му, чрез Пътна полиция / МВР и, при необходимост, чрез справка за декларирано имущество в общината.",,,,,,,,,,,,,,,,,,,,,,,,,
,- Дялове в дружества или фирмено участие,,"Проверете в Търговския регистър, РЮЛНЦ и БУЛСТАТ дали починалият е имал участие в дружества или други юридически лица. Имайте предвид, че наличието на дялово участие не означава непременно реален актив — може да е нужно да се прецени и финансовото състояние на съответното дружество.",,,,,,,,,,,,,,,,,,,,,,,,,
,- Акции и други ценни книжа,,"Проверете дали починалият е притежавал акции, облигации или други инвестиции, включително чрез Централен депозитар, когато е приложимо. Ценните книги на преносител следва да се съхраняват при наследодателя. При съмнение, че той е притежавал акции или други ценни книги, може да се поиска информация от представителя на ЮЛ. За безналичните акции следва да се направи справка в Централния депозитар.",,,,,,,,,,,,,,,,,,,,,,,,,
,"- Застраховки, договори, вземания, лизинги и ценности",,"Прегледайте личните документи, договорите, банковите извлечения, имейлите, SMS известията, полиците и кореспонденцията с банки, лизингови компании, брокери и застрахователи, за да установите други активи и задължения, които не се виждат в един централен регистър.",,,,,,,,,,,,,,,,,,,,,,,,,
,- Bещи със специален режим,,"Установете дали починалият е притежавал оръжие, боеприпаси, взривни вещества, радиоактивни източници, културни ценности или други вещи със специален разрешителен, регистрационен или контролен режим. Ако има съмнение, свържете се с компетентната институция, преди да ги местите, предавате или включвате в обичайното разпределение на имуществото. За оръжия и боеприпаси се обърнете към МВР / служба КОС.",,,,,,,,,,,,,,,,,,,,,,,,,
,"- Други вземания и суми, дължими на починалия",,"Установете дали има неизплатени възнаграждения, частни заеми, суми по договори, застрахователни плащания, депозити, възстановявания или други вземания, които са били дължими на починалия.",,,,,,,,,,,,,,,,,,,,,,,,,
,- Дигитални активи и онлайн права,,"Установете дали починалият е имал криптоактиви, домейни, онлайн инвестиционни профили, дигитални портфейли, акаунти с натрупана стойност, точки за лоялност или други онлайн активи, които може да имат имуществена или практическа стойност.",,,,,,,,,,,,,,,,,,,,,,,,,
,- Предварителни Договори,first 1-4 weeks,"Предварителният договор не се прекратява автоматично със смъртта. Правата и задълженията по него влизат в наследството, а наследниците, които са приели наследството, могат да искат изпълнение, разваляне, обезщетение или обявяване на договора за окончателен. Ако наследниците са няколко и предметът е неделим, е нужно съвместно участие.",,,,,,,,,,,,,,,,,,,,,,,,,
,Направете справка в ЦКР при БНБ за кредитната задлъжнялост на починалия,,"Чрез справка от Централния кредитен регистър можете да установите наличните кредитни задължения, отразени в регистъра. Това е важна стъпка преди решение за приемане или отказ от наследство. Наследниците имат право да поискат такава справка, а услугата се предоставя безплатно в 14-дневен срок; за по-кратки срокове се дължи такса. ",,,,,,,,,,,,,,,,,,,,,,,,,
,Проверете за лизинги и други финансови задължения,,"След справките в ЦКР и РБСС, прегледайте личните документи на починалия и се свържете със съответните банки, лизингови компании и други кредитори, за да установите какви задължения съществуват, какъв е остатъкът по тях и какви следващи действия са необходими.",,,,,,,,,,,,,,,,,,,,,,,,,
,"Проверете за изпълнителни дела, запори и възбрани",,"За изпълнителни дела, на практика се извършват две справки — едната при Камарата на частните съдебни изпълнители, а другата при Държавната съдебно-изпълнителна служба към Районния съд по постоянния адрес на наследодателя. За възбрани върху имоти направете справка в Имотния регистър. За запори по сметки и други конкретни ограничения може да е нужно допълнително запитване до съответната банка или до съдебния изпълнител по делото, както и се вижда от справката в Регистъра на банковите сметки и сейфове към БНБ. ",,,,,,,,,,,,,,,,,,,,,,,,,
,"Проверете дали починалият е бил поръчител, съдлъжник или гарант",,"Освен личните му задължения, установете дали е поел отговорност по чужд дълг като поръчител, съдлъжник или гарант.",,,,,,,,,,,,,,,,,,,,,,,,,
,Проверете за задължения по местни данъци и такси в общината,,"Полезно е да установите дали починалият има неплатени местни данъци и такси, особено ако в наследството има имоти или превозни средства. Редът за заявяване на справка или удостоверение зависи от съответната община. Тази информация може да бъде важна при наследствени, имуществени и последващи нотариални процедури.",,,,,,,,,,,,,,,,,,,,,,,,,
,Проверете за задължения към НАП,,"Освен местните данъци и такси, проверете дали починалият е имал неплатени публични задължения към държавата, включително към НАП. Това е важно преди разпределение на активи, продажба или окончателно приключване на наследствените въпроси.",,,,,,,,,,,,,,,,,,,,,,,,,
,Проверете за неплатени сметки и текущи разходи,,"Установете дали починалият е имал неплатени и текущи сметки, текущ наем, комунални разходи, застрахователни вноски, абонаменти, членски такси, медицински разходи, грижи за възрастен човек или домашна помощ, както и други редовни или просрочени плащания. Тази информация е важна, за да прецените кои разходи продължават, кои могат да бъдат спрени и какви задължения трябва да се отчетат в следващите стъпки.",,,,,,,,,,,,,,,,,,,,,,,,,
,Проверете дали имате право на еднократна помощ при смърт от НОИ,,"Право на тази помощ имат съпругът/съпругата, децата и родителите на починалото лице, ако то е било осигурено лице по КСО към датата на смъртта. Размерът на помощта е 540 лв. (еквивалента в евро) и се разпределя поравно между всички правоимащи.",,,,,,,,,,,,,,,,,,,,,,,,,
,Проверете дали има други права на плащания и обезщетения след смъртта,,Установете дали правоимащите могат да получат наследствена или неполучена пенсия от НОИ или други дължими плащания и обезщетения.,,,,,,,,,,,,,,,,,,,,,,,,,
,Проверете дали трябва да се подаде годишна данъчна декларация за доходите на починалия,,"За доходите, придобити от починалия до датата на смъртта и подлежащи на деклариране по чл. 50 ЗДДФЛ, наследниците или заветниците могат да подадат годишна данъчна декларация за починало лице. Общият срок е до 30 април на следващата година, а в тези случаи законът допуска подаване и след този срок, но не по-късно от 6 месеца след откриването на наследството. Ако има дължим данък, той по принцип се внася до 30 април на следващата година. При попълнително узнати доходи (след изтичане на сроковете): декларират се в 1-месечен срок от узнаването, с преизчисляване на данъка. ГДД се подава в териториалната дирекция на НАП по последния постоянен адрес на наследодателя",,,,,,,,,,,,,,,,,,,,,,,,,
,,,,,,,,,,,,,,,,,,,,,,,,,,,,
,,,,,,,,,,,,,,,,,,,,,,,,,,,,
,D. DOCUMENTS & ADMINISTRATIVE PREPARATION,,,,,,,,,,,,,,,,,,,,,,,,,,,
,,,,,,,,,,,,,,,,,,,,,,,,,,,,
,Съберете основните официални документи на починалия,first 2-6 weeks,"Подгответе на едно място всички налични документи, които може да са нужни по-нататък — лични документи, акт за смърт, документи за семейно положение, документи за собственост, договори, полици, трудови и пенсионни документи, ако са налични.",,,,,,,,,,,,,,,,,,,,,,,,,
,Подгответе документите за следващите институции и процедури,first 2-6 weeks,"Подредете какви документи ще са нужни за различните следващи действия — пред НОИ, работодател, банки, застрахователи, община, нотариус, доставчици на услуги и други институции.",,,,,,,,,,,,,,,,,,,,,,,,,
,"Запишете кои документи липсват и кой ще ги набави
",first 2-6 weeks,"Направете ясен списък кои документи вече са налични, кои липсват, откъде трябва да се извадят и кой ще поеме съответната задача.",,,,,,,,,,,,,,,,,,,,,,,,,
,Организирайте папка или система за проследяване на документите,first 2-6 weeks,"Създайте физическа или електронна папка, в която да съхранявате всички документи, копия, заявления и отговори от институции, за да може информацията да бъде лесно откривана и проследявана",,,,,,,,,,,,,,,,,,,,,,,,,
,,,,,,,,,,,,,,,,,,,,,,,,,,,,
,,,,,,,,,,,,,,,,,,,,,,,,,,,,
,"E. INSTITUTIONAL NOTIFICATIONS, CLAIMS & REQUESTS",,,,,,,,,,,,,,,,,,,,,,,,,,,
,,,,,,,,,,,,,,,,,,,,,,,,,,,,
,Уведомете работодателя и поискайте информация за дължими суми ,first 2-8 weeks,"Свържете се с работодателя на починалия, уведомете го за смъртта и попитайте какви документи ще са нужни за изплащане на неизплатено трудово възнаграждение, обезщетения, неизползван отпуск, служебни застраховки или други дължими суми. След смъртта на работника трудовото правоотношение се прекратява. Наследниците могат да поискат от работодателя всички документи и справки, свързани с трудовото правоотношение, и имат право да получат всички имуществено оценими вземания на наследодателя – заплати, обезщетения и други дължими суми, които стават част от наследствената маса.",,,,,,,,,,,,,,,,,,,,,,,,,
,"Свържете се с НОИ и подайте нужните искания, ако е приложимо",first 2-8 weeks,"Ако е приложимо, подайте искания за еднократна помощ при смърт, инфорамция за размера на неполучената пенсия, наследствена пенсия или други дължими плащания и обезщетения.",,,,,,,,,,,,,,,,,,,,,,,,,
,Уведомете банките и поискайте указания за следващите действия,first 2-8 weeks,"След като сте установили в кои банки починалият е имал сметки, кредити или сейфове, уведомете ги за смъртта и подайте нужните документи за достъп до информация, изплащане на суми, закриване на отношения или други последващи действия.",,,,,,,,,,,,,,,,,,,,,,,,,
,Уведомете застрахователите и подайте искания по приложимите полици,first 2-8 weeks,"Ако има данни за животозастраховка, застраховка към кредит, трудова застраховка или друга полица, уведомете съответния застраховател и подайте нужните документи за започване на процедурата.",,,,,,,,,,,,,,,,,,,,,,,,,
,"Свържете се с кредитори, лизингови компании и други финансови институции",first 2-8 weeks,"Ако сте установили кредити, лизинги или други финансови задължения, уведомете съответните институции за смъртта и поискайте информация какво следва по договорите, какъв е остатъкът по задълженията и дали има приложима застраховка.",,,,,,,,,,,,,,,,,,,,,,,,,
,"Уведомете доставчиците на услуги и преценете кои договори трябва да бъдат спрени, прехвърлени или оставени активни",first 2-8 weeks,"Свържете се с доставчици на комунални услуги, телефония, интернет, наемодател, домоуправление, доставчици на грижа или други организации и уточнете кои услуги трябва да продължат временно и кои могат да бъдат прекратени или прехвърлени.",,,,,,,,,,,,,,,,,,,,,,,,,
,"Подайте други необходими уведомления, искания и заявления",first 2-8 weeks,"Ако има други засегнати институции, фондове, професионални организации, частни администратори или услуги, подайте нужните уведомления и искания според конкретния случай.",,,,,,,,,,,,,,,,,,,,,,,,,
,"Проследявайте подадените искания, срокове и отговори",first 2-8 weeks,"Запишете кога и къде е подадено всяко заявление, какви документи са приложени, какъв срок за отговор е посочен и какво още остава да се довърши.",,,,,,,,,,,,,,,,,,,,,,,,,
,,,,,,,,,,,,,,,,,,,,,,,,,,,,
,,,,,,,,,,,,,,,,,,,,,,,,,,,,
,F. INHERITANCE,,,,,,,,,,,,,,,,,,,,,,,,,,,
,,,,,,,,,,,,,,,,,,,,,,,,,,,,
,Установете кога и къде е открито наследството,month 1-6 months+,"Наследството се открива в момента на смъртта и в последното местожителство на починалия. Това има значение за компетентния районен съд и за част от следващите действия по приемане, отказ и управление на наследството.",,,,,,,,,,,,,,,,,,,,,,,,,
,Установете кой наследява по закон и дали има завещание,month 1-6 months+,"Проверете дали наследяването ще се извърши по закон, по завещание или и по двата начина. Ако има завещание, съобразете се с неговото съдържание и с кръга на наследниците по закон, защото това ще има значение за по-нататъшното разпределение на имуществото. ",,,,,,,,,,,,,,,,,,,,,,,,,
,Проверете дали се прилага право на заместване,month 1-6 months+,"Ако наследник е починал преди наследодателя, неговите деца могат да встъпят в неговите права. Това може да промени кръга на наследниците и начина, по който ще се разпредели наследството.",,,,,,,,,,,,,,,,,,,,,,,,,
,Проверете дали е налице наследствена трансмисия,month 1-6 months+,"Ако наследник е починал след откриване на наследството, но преди да го приеме или да се откаже, неговото наследствено право може да премине към неговите собствени наследници.",,,,,,,,,,,,,,,,,,,,,,,,,
,Проверете дали има наследници със запазена част,month 1-6 months+,"Ако наследниците включват деца, родители или съпруг/съпруга, проверете дали техните запазени части са спазени и дали завещание или дарения не ги накърняват.",,,,,,,,,,,,,,,,,,,,,,,,,
,Проверете дали има основание за намаляване на завещания или дарения,month 1-6 months+,"Уверете се, че направените завещания или дарения не нарушават правото на наследниците да получат своя законов минимум (запазена част). Ако се окаже, че наследникът е получил по-малко от полагащото му се по закон, той може да заведе съдебно дело, за да си възстанови липсващата част от наследството.",,,,,,,,,,,,,,,,,,,,,,,,,
,Уточнете дали завещанието е универсално или съдържа завет,month 1-6 months+,"Установете дали завещанието обхваща цялото наследство или идеална част от него, или оставя само конкретна вещ или право. Това има значение за кръга на лицата и за по-нататъшната уредба на наследството.",,,,,,,,,,,,,,,,,,,,,,,,,
,"Преценете дали наследството да бъде прието, отказано или прието по опис",month 1-6 months+,"Преди да предприемете действия по имуществото, преценете дали е по-безопасно наследството да бъде прието, отказано или прието по опис. Това решение е особено важно, ако има съмнения за дългове, кредити, изпълнителни дела или други тежести. 

По искане на заинтересовано лице районният съд може да определи срок, в който наследникът да заяви дали приема наследството или се отказва от него. Това най-често се случва по искане на кредитор, друг наследник или в рамките на висящо съдебно или изпълнително производство. Ако в определения срок не бъде направено изявление, правото да се приеме наследството може да бъде загубено. 

Приемането на наследство по опис е специален ред за приемане, при който наследникът ограничава отговорността си за задълженията на наследодателя само до размера на полученото наследство. Това е защитна мярка, особено когато в наследството има дългове или неясноти относно активите и пасивите. Това е задължителна стъпка когато наследникът е недееспособен(дете или запретено лице). Приемането по опис трябва да се заяви писмено пред районния съд в 3-месечен срок от узнаването за откриване на наследството. Срокът може да бъде продължен от районния съдия с още до 3 месеца. След изтичането на срока, наследстото може да се приеме само по общия ред. За недееспособни лица срокът не тече, те могат да приемат по опис и след изтичането му. Следва към молбата за приемане на наследстовото по опис да се изброят всички известни активи и пасиви, които влизат в наследствената маса. Описът се извършва по законоустановен ред. Компетентен е районният съд, но той може да възложи извършването на описа на общината или кметството. Ако е такава ситуацията след като се състави протокол същият следва да бъде изпратен на районният съд. По искане на молителя районният съд може да възложи извършването на описа и на съдебен изпълнител. Това е особено важно, ако искате да ограничите отговорността за наследствени задължения. Тогава кредиторите на наследодателя могат да се удовлетворят само от наследственото имущество, до размера на приетото по опис. Ако един от наследниците подаде молба за приемане на наследството по опис, защитният ефект на тази форма на приемане се разпростира и върху останалите наследници.  Без разрешение от районния съдия наследникът не може да продава или дарява наследствени недвижими имоти в срок от 5 години, а движими вещи – до 3 години. Нарушаването на това правило води до неограничена отговорност за дълговете.

Отказът от наследство се прави с писмено заявление до районния съд и се вписва в специална книга. Съдебната практика приема, че за това изявление не се изисква нотариална заверка на подписа, когато законът не предвижда такава. Важно е да се подчертае че отказът има обратно действие — отказалият се се счита, че никога не е придобил качеството на наследник, съответно той отпада от кръга наследници. Отказ следва да се направи, когато пасивите значително надвишават активите.
",,,,,,,,,,,,,,,,,,,,,,,,,
,"Внимавайте за действия, които могат да се тълкуват като мълчаливо приемане",month 1-6 months+,"Наследството може да бъде прието не само изрично, но и мълчаливо — чрез действия, които несъмнено показват намерение за приемане. Затова, преди да е взето решение, избягвайте разпореждане с имущество или други действия, които могат да се тълкуват като приемане на наследството. Въпреки това, до приемането на наследството, наследникът може да предприема действия по запазване и управление на наследственото имущество. Това не означава автоматично разпореждане с него, но е важно да се внимава кои действия са по опазване и кои могат да се тълкуват като мълчаливо приемане. ",,,,,,,,,,,,,,,,,,,,,,,,,
,"Проверете дали има наследници, които задължително трябва да приемат по опис",month 1-6 months+,"Малолетните, непълнолетните, поставените под запрещение лица, както и държавата и обществените организации могат да приемат наследството само по опис. Ако сред наследниците има такива лица, потърсете правна консултация навреме, преди да се предприемат действия по наследството.",,,,,,,,,,,,,,,,,,,,,,,,,
,Проверете дали е нужно назначаване на управител на наследството,month 1-6 months+,"Ако наследникът е с неизвестно местожителство или никой не е поел управлението на наследственото имущество, районният съд може да назначи управител на наследството. Това е особено важно, ако има имущество, което трябва да бъде опазено или управлявано временно.
",,,,,,,,,,,,,,,,,,,,,,,,,
,Проверете дали е нужна съдебна защита на наследственото имущество,month 1-6 months+,"Ако има риск от укриване, изнасяне или увреждане на имущество, в определени случаи съдът може да разпореди мерки за защита, включително запечатване на наследственото имущество.",,,,,,,,,,,,,,,,,,,,,,,,,
,Преценете дали е нужна правна консултация преди решение за приемане или отказ,month 1-6 months+,"Ако наследството включва значителни дългове, спорове между наследници, завещание, фирмено участие, имоти с тежести или изпълнителни дела, потърсете адвокат или нотариус преди да вземете окончателно решение. Това е особено важно, ако има риск от неблагоприятни последици при мълчаливо приемане или пропускане на срокове.",,,,,,,,,,,,,,,,,,,,,,,,,
,Проверявайте сроковете и вписванията по наследството,month 1-6 months+,"Следете дали са подадени и вписани всички нужни изявления за приемане, отказ или приемане по опис, и пазете копия от съдебните документи и входящите номера. Това ще е важно при последващи действия пред нотариус, банка, община или друга институция.",,,,,,,,,,,,,,,,,,,,,,,,,
,,,,,,,,,,,,,,,,,,,,,,,,,,,,
,,,,,,,,,,,,,,,,,,,,,,,,,,,,
,"G. ASSET INHERITANCE PREPARATION
",,,,,,,,,,,,,,,,,,,,,,,,,,,
,Установете кои активи влизат в наследството,month 1- 3,"След като вече е изяснено кой наследява и дали наследството е прието, обобщете кои активи влизат в наследството — недвижими имоти, превозни средства, банкови средства, дружествени дялове, ценни книжа, движими вещи, дигитални активи и други права с имуществена стойност.  По правило се наследяват договорите и задълженията с имуществен характер — например наем, заем, предварителен договор и други правоотношения, които не са строго лични. Правоотношения с личен характер — например договор за поръчка, някои договори за изработка, договор за гледане и издръжка или договори с изрична уговорка за прекратяване при смърт — могат да се прекратят и да не преминат към наследниците по общия ред.",,,,,,,,,,,,,,,,,,,,,,,,,
,Проверете дали е назначен изпълнител на завещанието,month 1- 4,"Ако в завещанието е посочен изпълнител, проверете дали той е приел назначението и какви правомощия има по отношение на наследственото имущество. Изпълнителят може да състави опис, да влезе във владение на наследственото имущество и да го управлява, доколкото това е необходимо за изпълнение на завещателните разпореждания. Ако има спор, бездействие или съмнение относно действията му, може да се наложи намеса на районния съд.",,,,,,,,,,,,,,,,,,,,,,,,,
,Направете списък на активите и отбележете статута на всеки от тях,month 1- 5,"Подгответе работен списък на активите и отбележете за всеки от тях:
- какъв е активът
- къде се намира
- на чие име е
- има ли тежести, задължения или ограничения
- кой има достъп до него
- какво следва да се направи по него",,,,,,,,,,,,,,,,,,,,,,,,,
,"Преценете кои активи трябва да бъдат запазени, поддържани или защитени веднага",month 1- 6,"Някои активи изискват незабавни действия, за да не загубят стойност или да не създадат риск — например имоти, автомобили, фирмени активи, ценности, сейфове, оръжия, дигитални портфейли или имущество, което може да бъде повредено, прехвърлено или използвано неправомерно.",,,,,,,,,,,,,,,,,,,,,,,,,
,Уточнете как се ползват активите до окончателното им разпределение,month 1- 7,"Ако има няколко наследници, уговорете кой временно ще пази, поддържа или използва конкретни активи до окончателното им уреждане. Това е важно, за да се избегнат конфликти, загуби или неяснота кой носи отговорност.",,,,,,,,,,,,,,,,,,,,,,,,,
,Проверете кои активи изискват официално прехвърляне или вписване,month 1- 8,"Установете за кои активи ще е нужно последващо прехвърляне, вписване, регистрация или друга формална процедура — например за имоти, превозни средства, дружествени дялове, банкови средства, сейфове, ценни книжа или вещи със специален режим.",,,,,,,,,,,,,,,,,,,,,,,,,
,Проверете дали завещанието трябва да бъде вписано по отношение на конкретни активи,month 1- 9,"Ако има завещание и в наследството влизат недвижими имоти, може да са нужни допълнителни действия по вписване. Обявяването на завещанието не е равнозначно на вписване и при някои активи ще са нужни и допълнителни документи. Когато завещанието съдържа разпореждания с недвижими имоти, след обявяването му е задължително да се извърши вписване на препис от обявеното завещание в службата по вписванията по местонахождението на имота. След вписването на завещанието, за да се разпореди наследникът по завещание с имота (например при продажба, дарение, делба), е необходимо да представи и други документи – удостоверение за наследници, данъчна оценка на имота, удостоверение за липса на данъчни задължения, скица/схема от кадастъра, както и доказателства за платени местни данъци и такси",,,,,,,,,,,,,,,,,,,,,,,,,
,"Проверете дали има активи с тежести, запори, възбрани или други ограничения",month 1- 10,"Преди да се пристъпи към разпределение или прехвърляне, установете дали върху някой актив има вписани тежести, обезпечения, запори, възбрани, права на трети лица или други ограничения. Това не пречи на активът да бъде наследен, но означава, че наследникът го придобива заедно с вписаните тежести, запори, възбрани или ограничения. Преди делба, продажба, вписване или друго прехвърляне, поискайте удостоверение за тежести и преценете какво следва според конкретната тежест и свързаното с нея производство. Наследството се придобива само с приемането му и до този момент наследниците не могат да бъдат търсени за дълговете на наследодателя. Също е важно да се подчертае че ако задължението е неделимо, то остава неделимо и спрямо наследниците, а ипотеката и залогът продължават да тежат върху цялата вещ за целия дълг, дори след подялба. Проверката за тежести върху недвижим имот се извършва в Имотния регистър , като тя може да бъде заявена устно, писмено или по електронен път чрез Единния портал за електронни услуги (ЕПЗЕУ) на Агенцията по вписванията. Физически справките и удостоверенията се издават от съответната служба по вписванията към районния съд по местонахождението на имота. Тъй като за извършването на такава справка не се изисква доказване на правен интерес, тя може да бъде поискана от всеки.

Също така, проверете дали починалият е имал и извъндоговорни задължения или вземания с имуществен характер — например за вреди, неоснователно обогатяване или водене на чужда работа без пълномощие. Те също влизат в наследството. Изключение прави правото на обезщетение за неимуществени вреди, ако не е било упражнено приживе.
",,,,,,,,,,,,,,,,,,,,,,,,,
,Проверете дали има съвместно притежавани или спорни активи,month 1- 11,"Установете дали някои активи са били в съсобственост, в съпружеска имуществена общност или са предмет на спор между наследници или трети лица. Това може да промени начина, по който те ще бъдат уредени.",,,,,,,,,,,,,,,,,,,,,,,,,
,Преценете дали активите ще се уредят чрез доброволна или съдебна делба,month 1- 12,"Ако наследниците са повече от един и не желаят да останат в съсобственост, активите могат да бъдат уредени чрез доброволна делба по взаимно съгласие или чрез съдебна делба, когато липсва съгласие. При недвижими имоти доброволната(договорна) делба изисква съответната форма и вписване.",,,,,,,,,,,,,,,,,,,,,,,,,
,"Когато е нужна оценка на активите, проверете по какъв ред се определя стойността им",month 1- 13,"При различните видове активи стойността може да се определя по различен начин — например по данъчна оценка, пазарна стойност, номинал или други приложими критерии. Това е важно при делба, данъчни процедури и уреждане на дяловете между наследниците.",,,,,,,,,,,,,,,,,,,,,,,,,
,"Уточнете дали е необходимо разделяне, оценка или продажба на активи",month 1- 14,"При някои активи може да се наложи експертна оценка, подялба между наследници, продажба или друг начин на уреждане, особено ако активът не може лесно да бъде разделен или ако наследниците не желаят да го притежават съвместно.",,,,,,,,,,,,,,,,,,,,,,,,,
,Подгответе следващите действия по отделните видове активи,month 1- 15,"За всеки по-значим актив уточнете какво следва — например:
- поддържане и охрана
- прехвърляне на собственост
- регистрация или вписване
- достъп до средства
- прекратяване или продължаване на договори
- оценка, делба или продажба
",,,,,,,,,,,,,,,,,,,,,,,,,
,"Пазете всички документи, свързани с активите и прехвърлянето им",month 1- 16,"Съхранявайте на едно място документи за собственост, извлечения, договори, оценки, входящи номера, удостоверения, платежни документи и всяка кореспонденция, свързана с наследствените активи.",,,,,,,,,,,,,,,,,,,,,,,,,
,,,,,,,,,,,,,,,,,,,,,,,,,,,,
,,,,,,,,,,,,,,,,,,,,,,,,,,,,
,H. ASSET INHERITANCE PRОCEDURES,,,,,,,,,,,,,,,,,,,,,,,,,,,
,,,,,,,,,,,,,,,,,,,,,,,,,,,,
,,,,,,,,,,,,,,,,,,,,,,,,,,,,
,Общите Правила на Наследяването,month 2-6+,"Преди да започне прехвърлянето на конкретен актив, първо се прилагат общите правила на наследяването (“общият ред”). Това означава, че трябва да е изяснено кой е наследникът, има ли завещание, прието ли е наследството и с какви документи наследникът се легитимира. Едва след това може да започне специалната процедура за конкретния вид актив — например имот, превозно средство, банкова сметка, акции, застраховка или друга имуществена позиция. Разпореждане с актив може да се извърши и преди делба, като тогава наследниците приели наследството следва да изразят волята си съвместно или да упълномощят един от тях или трето лице, което да се разпореди.",,,,,,,,,,,,,,,,,,,,,,,,,
,Недвижими имоти,month 2-6+,"След като наследството е прието и е ясно кои наследници участват, първо проверете дали имате основните документи за имота: удостоверение за наследници, акт за смърт, документа за собственост на наследодателя, скица или схема от АГКК, а при нужда, и доказателства за приемане на наследството. Преди следващи действия, се уверете че сте наясно с всички възможни тежести като ипотеки, възбрани или други ограничения. Ако наследяването е по завещание и предметът е недвижим имот, завещанието и протоколът за обявяването му трябва да се впишат в Имотния регистър. Ако наследяването е по закон, по правило не се вписва самият наследствен факт, но по-късно може да подлежат на вписване други актове — например договор за делба, съдебно решение, договор за прехвърляне на наследство или констативен нотариален акт. Ако наследникът трябва да се легитимира като собственик на свое име или липсва достатъчен документ за собственост на наследодателя, може да се поиска констативен нотариален акт от нотариус по местонахождението на имота. За това обичайно се представят удостоверение за наследници, акт за смърт, документ за собственост на наследодателя, скица/схема, данъчна оценка, документ за самоличност и други документи според случая. След издаването му нотариалният акт подлежи на вписване в Имотния регистър. Независимо дали има вписване, наследникът трябва да подаде и данъчна декларация в общината по местонахождение на имота.",,,,,,,,,,,,,,,,,,,,,,,,,
,Банкови Сметки,month 2-6+,"Банковата сметка сама по себе си не се наследява — наследяват се само наличните по нея парични средства. Наследниците се легитимират пред банката с удостоверение за наследници или европейско удостоверение за наследство, акт за смърт, документ за самоличност и при нужда допълнителни документи според конкретния случай. Банката изплаща не цялата сума на един наследник, а само неговия наследствен дял. След изплащането на средствата сметката следва да бъде закрита, за да не се натрупват такси. При няколко наследници и преди делба действията по сметката обичайно се извършват съвместно или чрез упълномощен представител. ",,,,,,,,,,,,,,,,,,,,,,,,,
,Превозни Средства,month 2-6+,"Превозните средства се наследяват по общия ред, но след това трябва да бъдат пререгистрирани на името на наследника или наследниците в съответния регистър. За МПС това става в Пътна полиция, за плавателни съдове — в Морска администрация, а за въздухоплавателни средства — в ГД „ГВА“. За автомобилите и другите сухопътни МПС, наследниците подават заявление и представят удостоверение за наследници, свидетелство за регистрация и документи за платени данъци, ако са дължими. При съсобственост, регистрацията може да се извърши от един наследник с пълномощно от останалите. Велосипедите и електрическите велосипеди не подлежат на специална регистрация и се уреждат като обикновени движими вещи.",,,,,,,,,,,,,,,,,,,,,,,,,
,Преносими Вещи,month 2-6+,"Преносимите вещи — пари в брой, бижута, мебели, дрехи, техника, покъщнина и други движими вещи — влизат в наследството по общия ред. Когато има няколко наследници, те се уреждат чрез доброволна или съдебна делба. Важно е да се има предвид, че наследниците, които са живели с наследодателя и са се грижили за него, могат да имат специално право върху обикновената покъщнина, а ако са се занимавали със земеделие — и върху земеделския инвентар. Ако има риск от спор, укриване или увреждане, може да се наложи опис, пазене от трето лице или съдебна защита.",,,,,,,,,,,,,,,,,,,,,,,,,
,Дружественият Дял в ООД,month 2-6+,"Дружественият дял в ООД се наследява, но не води автоматично до членство в дружеството. След смъртта на съдружника членственото правоотношение се прекратява по право, а наследниците придобиват идеални части от дружествения дял. Какво следва зависи от дружествения договор:
- ако той допуска наследникът да встъпи като съдружник, това става след съответното решение и вписване;
- ако наследяването на членството е изключено, наследникът има право да получи равностойността на дела;
- ако няма специална уговорка, обичайно е нужно да се подаде молба за приемане на нов съдружник и решение на общото събрание за приемане на наследника като съдружник.
 При ЕООД наследниците могат да поискат продължаване на дейността. Ако наследникът е един, той може да стане едноличен собственик на капитала; ако са няколко, дружеството може да премине в ООД. Ако никой не желае да продължи дейността, следва прекратяване и ликвидация.",,,,,,,,,,,,,,,,,,,,,,,,,
,Едноличния Търговец,month 2-6+,"При едноличния търговец не се наследява отделно юридическо лице, а търговското предприятие като съвкупност от права, задължения и фактически отношения. Наследниците могат да се откажат от наследството, да го приемат без да продължават дейността или един от тях да поеме предприятието и да продължи дейността. Ако никой не поеме предприятието, ЕТ следва да бъде заличен от Търговския регистър, но наследниците остават отговорни за задълженията на наследодателя според режима на приемане на наследството. Ако предприятието ще се поеме от един наследник, обичайно е нужно съгласие с останалите наследници и уреждане на отношенията чрез договор, доброволна делба или друго споразумение. След това наследникът подава нужните заявления в Търговския регистър и уведомление до НАП по чл. 77 ДОПК.",,,,,,,,,,,,,,,,,,,,,,,,,
,Акции,month 2-6+,"Акциите се наследяват по закон или по завещание, но конкретната процедура зависи от това дали са налични или безналични. При налични поименни акции, наследниците придобиват идеални части и следва да бъдат вписани в книгата на акционерите, която се съхранява от управителния орган на АД. При безналични акции, прехвърлянето се извършва чрез Централния депозитар и правата по тях се придобиват след регистрацията чрез инвестиционен посредник. Ако наследниците са няколко, до делбата те упражняват правата по акциите съвместно, обичайно чрез общ представител.",,,,,,,,,,,,,,,,,,,,,,,,,
,Облигации,month 2-6+,"Облигациите също се наследяват по общия ред, но прехвърлянето им зависи от това дали са налични или безналични. При безналични облигации, прехвърлянето става чрез съответния регистър, а при налични — чрез предаване и легитимация по приложимия ред. Важно е да се прецени дали облигациите дават само право на главница и лихва, или са свързани и с участие в общо събрание на облигационерите, довереник или обезпечение",,,,,,,,,,,,,,,,,,,,,,,,,
,Застраховки,month 2-6+,"При застраховките трябва първо да се изясни дали изобщо застрахователното право влиза в наследството. При наследяване на застраховано имущество наследникът встъпва и в правата и задълженията по имуществената застраховка, доколкото тя е свързана с прехвърлената вещ. При застраховка „Живот“, сумата по правило не влиза в наследството и се изплаща на посоченото ползващо се лице, дори то да е направило отказ от наследство. Ако няма посочено ползващо се лице, тогава сумата може да се изплати на наследниците по закона. При имуществените застраховки и някои здравни или злополучни застраховки имуществените права и обезщетения могат да преминат към наследниците. При кредитни застраховки, застрахователят плаща най-напред на кредитора до размера на непогасения дълг.",,,,,,,,,,,,,,,,,,,,,,,,,
,Оръжията и Боеприпаси,month 2-6+,"Оръжията и боеприпасите не могат просто да бъдат държани или ползвани от наследника след смъртта на собственика. Наследяването им е възможно само след получаване на разрешение за придобиване от компетентния орган на МВР. Наследникът трябва да подаде заявление в 14-дневен срок от приемане на наследството, като представи документите за наследственото право и данни за оръжието. До издаване на разрешението наследникът няма право да ползва или държи оръжието, което следва да бъде предадено за съхранение в МВР, а при отказ трябва да го прехвърли на лице с право да го придобие или ще бъде конфискувано. ",,,,,,,,,,,,,,,,,,,,,,,,,
,Пенсии,month 2-6+,"Пенсията, като лично осигурително право, не се наследява и не се прехвърля. След смъртта не се „прехвърля“ самата пенсия, а може да възникне отделно право на наследствена пенсия или на добавка към собствената пенсия на преживелия съпруг/съпруга. Тези права не са част от наследството и отказът от наследство не ги засяга. Процедурата се води пред НОИ с отделно заявление и съответните документи",,,,,,,,,,,,,,,,,,,,,,,,,
,Авторско Право,month 2-6+,"Авторското право се наследява по общия ред на Закона за наследството и не изисква регистрация или вписване, за да има действие спрямо трети лица. Наследниците се легитимират с удостоверение за наследници, завещание или други доказателства за наследственото си право. Имуществените авторски права се упражняват до 70 години след смъртта на автора, а част от неимуществените права също се упражняват от наследниците в рамките на срока на закрила.",,,,,,,,,,,,,,,,,,,,,,,,,
,Патентите и Полезните Mодели,month 2-6+,"Патентите и полезните модели се наследяват по общия ред, но за да има промяната действие спрямо трети лица, наследяването трябва да се впише в съответния държавен регистър към Патентното ведомство. За целта обичайно се подават заявление, акт за смърт, удостоверение за наследници, доказателство за приемане на наследството и при нужда завещание или европейско удостоверение за наследство. До вписването наследникът може да има наследствено право, но няма пълна противопоставимост спрямо трети лица по специалния регистър.",,,,,,,,,,,,,,,,,,,,,,,,,
,Търговските Mарки,month 2-6+,"Търговските марки също се наследяват по общия ред, но наследяването трябва да бъде вписано в Държавния регистър на марките към Патентното ведомство. Вписването има действие спрямо трети лица от датата на вписването. Обичайно се представят заявление, акт за смърт, удостоверение за наследници, евентуално завещание или европейско удостоверение за наследство, както и документ за платена държавна такса.",,,,,,,,,,,,,,,,,,,,,,,,,
,Промишлените Дизайни и Топологиите на Интегрални Схеми,month 2-6+,"Промишлените дизайни и топологиите на интегрални схеми също изискват вписване на наследяването в съответния държавен регистър към Патентното ведомство. При дизайна промяната има действие спрямо трети лица от датата на вписването, а при топологията — от датата на публикацията в Официалния бюлетин.",,,,,,,,,,,,,,,,,,,,,,,,,
,Търговската Тайна,month 2-6+,"Търговската тайна се наследява по общия ред като имуществено право, но не подлежи на регистрация или вписване, защото за нея няма държавен регистър. Наследниците придобиват правото да я използват, пазят и защитават, ако могат фактически да установят съдържанието ѝ, носителите на информацията и контрола върху нея.",,,,,,,,,,,,,,,,,,,,,,,,,
,Дигиталните Активи,month 2-6+,"Дигиталните активи се прехвърлят само ако имат имуществен характер — например домейни, платени лицензи, виртуални валути, точки за лоялност, подаръчни карти, предплатени услуги и други права с парична стойност. Личните профили, имейли, съобщения и кореспонденция по правило не се наследяват, освен ако съдържат авторски произведения или други самостоятелни права с имуществено значение. За домейни и онлайн услуги наследниците обичайно представят удостоверение за наследници и документ за регистрация пред съответния доставчик или регистратор. При дигитални финансови активи и инвестиционни акаунти може да се приложи специален ред за регистрация на прехвърлянето. Ако активите са свързани с чуждестранни доставчици, може да се приложи и чуждо право според обичайното местопребиваване на наследодателя към момента на смъртта.",,,,,,,,,,,,,,,,,,,,,,,,,
,Наем,month 2-6+,"Договорът за наем по общия граждански ред не се прекратява автоматично със смъртта на наемодателя или на наемателя. Ако починалият е бил страна по такъв договор, наследниците, които са приели наследството, встъпват в правата и задълженията по него. Ако починалият е бил наемодател, наследниците могат да получават наемната цена и да упражняват правата по договора. Ако е бил наемател, наследниците дължат наема до прекратяване на договора и връщане на вещта. При безсрочен договор наследниците могат да го прекратят с едномесечно предизвестие. За някои специални договори, като аренда или определени административни наеми, може да се прилага различен режим.",,,,,,,,,,,,,,,,,,,,,,,,,
,Данъци и Други Публични Задължения,month 2-6+,Неплатените публични задължения и данъци на починалото лице влизат в наследствената маса.,,,,,,,,,,,,,,,,,,,,,,,,,
,Съдебен спор,month 2-6+,"При смърт на страна по висящ съдебен спор наследниците встъпват в процеса като нейни правоприемници съгласно чл. 227 ГПК. Смъртта води до спиране на делото по силата на закона след което производството се възобновява с участие на наследниците, след като съдът или ищецът предприемат действия по чл. 230 ГПК за конституиране на правоприемниците. Наследниците имат право да продължат делото в състоянието, в което е било спряно. Те могат да поддържат предявения от наследодателя иск или да организират защитата срещу предявен срещу него иск. Наследниците упражняват всички процесуални права на наследодателя, включително да правят възражения, да представят доказателства, да сключат съдебна спогодба или да се откажат от иска, когато починалият е бил ищец. Отговорността им за наследствени задължения зависи от начина, по който приемат наследството. При приемане по опис те отговарят само до размера на наследственото имущество съгласно, а ако са направили отказ, наследниците изобщо не са материалноправно легитимирани да участват в делото. Влязлото в сила съдебно решение има действие и спрямо наследниците приели наследството независимо дали са участвали.",,,,,,,,,,,,,,,,,,,,,,,,,
,,,,,,,,,,,,,,,,,,,,,,,,,,,,
,,,,,,,,,,,,,,,,,,,,,,,,,,,,
,,,,,,,,,,,,,,,,,,,,,,,,,,,,
,I. TAXES & LEGAL FILINGS,,,,,,,,,,,,,,,,,,,,,,,,,,,
,,,,,,,,,,,,,,,,,,,,,,,,,,,,
,,,,,,,,,,,,,,,,,,,,,,,,,,,,
,Подайте декларация за данък наследство по чл. 32 ЗМДТ,month 1-6+,"Ако е приложимо, подайте декларацията за данък наследство в дирекция „Местни данъци и такси“ в общината по последния адрес на починалия. В декларацията се посочват наследниците и наследеното имущество с неговите оценки. Общият срок е 6 месеца от смъртта, а ако по-късно се открие недекларирано имущество, то трябва да се декларира в 1-месечен срок от узнаването.",,,,,,,,,,,,,,,,,,,,,,,,,
,Не бъркайте декларацията за данък наследство с декларацията за наследен имот,month 1-6+,"Декларацията по чл. 32 ЗМДТ е за данък наследство и се подава в общината по адреса на починалия. Декларацията по чл. 14 ЗМДТ е отделна декларация за наследен недвижим имот и се подава в общината по местонахождение на имота. Това са различни документи, с различна цел и към различни общини.",,,,,,,,,,,,,,,,,,,,,,,,,
,Подайте декларация за всеки наследен недвижим имот,month 1-6+,За всеки наследен недвижим имот подайте отделна декларация по чл. 14 ЗМДТ в общината по местонахождение на имота. Това е отделно от наследствения данък и е важно за правилното данъчно третиране на имота занапред.,,,,,,,,,,,,,,,,,,,,,,,,,
,Проверете дали изобщо се дължи данък върху наследството,month 1-6+,"Не всяко наследство води до реално плащане на данък. Преживелият съпруг и наследниците по права линия са освободени от данък върху наследството, но това не означава автоматично, че няма декларационни задължения. Размерът на данъка се определя по правилата на ЗМДТ и с наредба на съответния общински съвет.",,,,,,,,,,,,,,,,,,,,,,,,,
,Проверете дали част от наследственото имущество е освободено от облагане,month 1-6+,"ЗМДТ предвижда освобождавания за определени категории имущество, например обикновената покъщнина, дребния земеделски инвентар, библиотеките и музикалните инструменти, неполучените пенсии на наследодателя и в някои случаи имущество, за което вече е платен наследствен данък в чужбина. Това може да има значение при попълването на декларациите и при определянето на данъка.",,,,,,,,,,,,,,,,,,,,,,,,,
,"Следете кога и как се плаща данъкът, ако е дължим",month 1-6+,"Данъкът върху наследството не се плаща автоматично в деня на подаване на декларацията, а след съобщение от данъчния орган. По общо правило той се плаща в 2-месечен срок от връчване на съобщението. В определени случаи, като наследяване на предприятие на ЕТ, участие в събирателно дружество или дялове/акции над 50% от капитала на търговско дружество, законът допуска по-дълъг срок за плащане.",,,,,,,,,,,,,,,,,,,,,,,,,
,"Имайте предвид, че банки и застрахователи могат да изискат данъчно удостоверение",month 1-6+,"При определени хипотези банките и застрахователните дружества могат да изискат удостоверение, че съответните суми са посочени в декларацията за облагане и че данъкът е платен. Това е важно, ако предстои изплащане на наследствени средства или суми по застраховка „Живот“.",,,,,,,,,,,,,,,,,,,,,,,,,
,Проверете дали трябва да се подаде годишна данъчна декларация за доходите на починалия,month 1-6+,"За доходите, придобити от починалия до датата на смъртта и подлежащи на деклариране по чл. 50 ЗДДФЛ, наследниците или заветниците могат да подадат годишна данъчна декларация за починало лице. Общият срок е до 30 април на следващата година, като законът допуска и по-късно подаване, но не по-късно от 6 месеца след откриване на наследството. Ако има дължим данък, той по принцип се внася до 30 април на следващата година.",,,,,,,,,,,,,,,,,,,,,,,,,
,"Съхранявайте всички данъчни декларации, съобщения и платежни документи",month 1-6+,"Пазете копия от подадените декларации, входящите номера, съобщенията от данъчните органи, платежните документи и всяка кореспонденция, свързана с данъчното третиране на наследството. Те могат да бъдат нужни пред банки, застрахователи, нотариус, община или при бъдещи проверки.",,,,,,,,,,,,,,,,,,,,,,,,,
,"Следете сроковете, защото при пропуск могат да се наложат санкции",month 1-6+,"При неподаване на декларация в срок могат да се наложат глоби, а при забавяне на плащането може да се начисляват лихви. Затова е важно сроковете за чл. 32 ЗМДТ, чл. 14 ЗМДТ и евентуалната годишна данъчна декларация да се следят отделно. В материалите е посочен риск от санкции при закъснение.",,,,,,,,,,,,,,,,,,,,,,,,,
,,,,,,,,,,,,,,,,,,,,,,,,,,,,
,,,,,,,,,,,,,,,,,,,,,,,,,,,,
,J. DIGITAL ACCOUNTS & ONLINE PRESENCE,,,,,,,,,,,,,,,,,,,,,,,,,,,
,,,,,,,,,,,,,,,,,,,,,,,,,,,,
,Установете кои дигитални акаунти и онлайн услуги е използвал починалият,week 2-12,"Направете списък на основните му акаунти и услуги — имейл, социални мрежи, облачно пространство, стрийминг платформи, приложения, онлайн магазини, абонаменти, комуникационни услуги и други профили, които може да изискват действие.",,,,,,,,,,,,,,,,,,,,,,,,,
,Проверете до кои акаунти има законен и реален достъп,week 2-13,"Установете дали семейството разполага с устройства, пароли, recovery options, резервни кодове или друго законно средство за достъп. Ако няма достъп, проверете официалната процедура на съответната платформа за наследници или близки.",,,,,,,,,,,,,,,,,,,,,,,,,
,Преценете кои акаунти трябва да бъдат запазени,week 2-14,"Някои акаунти може да съдържат важна информация, снимки, документи, семейна кореспонденция или съдържание с емоционална стойност. Решете кои профили и файлове трябва първо да бъдат архивирани или прегледани, преди да се пристъпи към закриване.",,,,,,,,,,,,,,,,,,,,,,,,,
,"Преценете кои акаунти трябва да бъдат закрити, спрени или мемориализирани",week 2-15,"Някои услуги предлагат възможност за окончателно закриване, а други — за мемориализиране или ограничаване на профила. Това е особено важно за социалните мрежи, имейлите и публичните профили, които могат да останат активни след смъртта.",,,,,,,,,,,,,,,,,,,,,,,,,
,Архивирайте важното дигитално съдържание,week 2-16,"Ако имате право и възможност за достъп, запазете снимки, видеа, документи, бележки, контакти, резервни копия, cloud файлове и друго съдържание, което семейството иска да съхрани.",,,,,,,,,,,,,,,,,,,,,,,,,
,Проверете за активни абонаменти и автоматични плащания,week 2-17,"Установете дали към дигитални акаунти има активни платени услуги — стрийминг, софтуер, приложения, хостинг, домейни, облачни услуги, онлайн членства или автоматични подновявания — и решете кои да бъдат прекратени и кои временно да останат активни.",,,,,,,,,,,,,,,,,,,,,,,,,
,"Проверете за акаунти, свързани с други активи или услуги",week 2-18,"Проверете за акаунти, свързани с други активи или услуги",,,,,,,,,,,,,,,,,,,,,,,,,
,Защитете личните данни и предотвратете злоупотреба,week 2-19,Защитете личните данни и предотвратете злоупотреба,,,,,,,,,,,,,,,,,,,,,,,,,
,Документирайте какво е направено по всеки акаунт,week 2-20,Документирайте какво е направено по всеки акаунт,,,,,,,,,,,,,,,,,,,,,,,,,
,"Имайте предвид, че не всеки дигитален профил се наследява",week 2-21,"Имайте предвид, че не всеки дигитален профил се наследява",,,,,,,,,,,,,,,,,,,,,,,,,
,,,,,,,,,,,,,,,,,,,,,,,,,,,,
,,,,,,,,,,,,,,,,,,,,,,,,,,,,
,K. ONGOING FOLLOW-UP,,,,,,,,,,,,,,,,,,,,,,,,,,,
,,,,,,,,,,,,,,,,,,,,,,,,,,,,
,"Проследявайте всички подадени искания, заявления и уведомления",month 3-12+,"Поддържайте актуален списък на всички подадени документи към институции, банки, застрахователи, работодатели, общини, НОИ, регистри и други организации. Отбелязвайте кога е подадено всяко искане, какъв е срокът за отговор и какво още се очаква.",,,,,,,,,,,,,,,,,,,,,,,,,
,"Проверявайте за липсващи документи, върнати заявления или непълни преписки",month 3-12+,"Ако някоя институция поиска допълнителни документи, уточнения или корекции, реагирайте възможно най-скоро. Много процедури се забавят не защото са отказани, а защото преписката е останала непълна.",,,,,,,,,,,,,,,,,,,,,,,,,
,Следете неприключените прехвърляния и регистрации,month 3-12+,"Проверявайте дали всички активи, за които е започната процедура, са действително прехвърлени, вписани, регистрирани или изплатени. Това важи особено за имоти, МПС, банкови средства, дружествени дялове, ценни книжа и други активи със специален ред.",,,,,,,,,,,,,,,,,,,,,,,,,
,"Уверете се, че всички плащания, данъци и задължения са уредени",month 3-12+,"Прегледайте дали има останали неплатени местни данъци, държавни такси, сметки, лихви, задължения към кредитори или други плащания, които не са приключени.",,,,,,,,,,,,,,,,,,,,,,,,,
,"Проверете дали всички договори, услуги и акаунти са затворени или уредени",month 3-12+,"Направете последен преглед на активни договори, абонаменти, комунални услуги, застраховки, дигитални акаунти и други отношения, за да се уверите, че нищо не е останало отворено без причина.",,,,,,,,,,,,,,,,,,,,,,,,,
,Подредете окончателно цялата документация,month 3-12+,"Съхранете на едно място всички важни документи, решения, платежни документи, входящи номера, кореспонденция и копия от заявления. Добре организираната документация ще е полезна и при бъдещи въпроси, проверки или спорове.",,,,,,,,,,,,,,,,,,,,,,,,,
,Отбележете какво е окончателно приключено и какво остава висящо,month 3-12+,"Направете финален списък с приключените действия и отделен списък с темите, които още чакат отговор, решение или допълнителна стъпка. Това ще помогне нищо важно да не бъде пропуснато.",,,,,,,,,,,,,,,,,,,,,,,,,
,"Потърсете допълнителна помощ, ако нещо остане неуредено",month 3-12+,"Ако след основните стъпки останат неясни, спорни или забавени въпроси, потърсете съдействие от адвокат, нотариус, счетоводител, институция или друг компетентен специалист според конкретния случай.",,,,,,,,,,,,,,,,,,,,,,,,,
,,,,,,,,,,,,,,,,,,,,,,,,,,,,
,,,,,,,,,,,,,,,,,,,,,,,,,,,,
,,,,,,,,,,,,,,,,,,,,,,,,,,,,
,,,,,,,,,,,,,,,,,,,,,,,,,,,,
,,,,,,,,,,,,,,,,,,,,,,,,,,,,
,,,,,,,,,,,,,,,,,,,,,,,,,,,,
,,,,,,,,,,,,,,,,,,,,,,,,,,,,
,,,,,,,,,,,,,,,,,,,,,,,,,,,,
,,,,,,,,,,,,,,,,,,,,,,,,,,,,
,,,,,,,,,,,,,,,,,,,,,,,,,,,,
,,,,,,,,,,,,,,,,,,,,,,,,,,,,
,,,,,,,,,,,,,,,,,,,,,,,,,,,,
,,,,,,,,,,,,,,,,,,,,,,,,,,,,
,,,,,,,,,,,,,,,,,,,,,,,,,,,,
,,,,,,,,,,,,,,,,,,,,,,,,,,,,
,,,,,,,,,,,,,,,,,,,,,,,,,,,,
,,,,,,,,,,,,,,,,,,,,,,,,,,,,
,,,,,,,,,,,,,,,,,,,,,,,,,,,,
,,,,,,,,,,,,,,,,,,,,,,,,,,,,
,,,,,,,,,,,,,,,,,,,,,,,,,,,,
,,,,,,,,,,,,,,,,,,,,,,,,,,,,
,,,,,,,,,,,,,,,,,,,,,,,,,,,,
,,,,,,,,,,,,,,,,,,,,,,,,,,,,
,,,,,,,,,,,,,,,,,,,,,,,,,,,,
,,,,,,,,,,,,,,,,,,,,,,,,,,,,
,,,,,,,,,,,,,,,,,,,,,,,,,,,,
,,,,,,,,,,,,,,,,,,,,,,,,,,,,
,,,,,,,,,,,,,,,,,,,,,,,,,,,,
,,,,,,,,,,,,,,,,,,,,,,,,,,,,
,,,,,,,,,,,,,,,,,,,,,,,,,,,,
,,,,,,,,,,,,,,,,,,,,,,,,,,,,
,,,,,,,,,,,,,,,,,,,,,,,,,,,,
,,,,,,,,,,,,,,,,,,,,,,,,,,,,
,,,,,,,,,,,,,,,,,,,,,,,,,,,,
,,,,,,,,,,,,,,,,,,,,,,,,,,,,
,,,,,,,,,,,,,,,,,,,,,,,,,,,,
,,,,,,,,,,,,,,,,,,,,,,,,,,,,
,,,,,,,,,,,,,,,,,,,,,,,,,,,,
,,,,,,,,,,,,,,,,,,,,,,,,,,,,
,,,,,,,,,,,,,,,,,,,,,,,,,,,,
,,,,,,,,,,,,,,,,,,,,,,,,,,,,
,,,,,,,,,,,,,,,,,,,,,,,,,,,,
,,,,,,,,,,,,,,,,,,,,,,,,,,,,
,,,,,,,,,,,,,,,,,,,,,,,,,,,,
,,,,,,,,,,,,,,,,,,,,,,,,,,,,
,,,,,,,,,,,,,,,,,,,,,,,,,,,,
,,,,,,,,,,,,,,,,,,,,,,,,,,,,
,,,,,,,,,,,,,,,,,,,,,,,,,,,,
,,,,,,,,,,,,,,,,,,,,,,,,,,,,
,,,,,,,,,,,,,,,,,,,,,,,,,,,,
,,,,,,,,,,,,,,,,,,,,,,,,,,,,
,,,,,,,,,,,,,,,,,,,,,,,,,,,,
,,,,,,,,,,,,,,,,,,,,,,,,,,,,
,,,,,,,,,,,,,,,,,,,,,,,,,,,,
,,,,,,,,,,,,,,,,,,,,,,,,,,,,
,,,,,,,,,,,,,,,,,,,,,,,,,,,,
,,,,,,,,,,,,,,,,,,,,,,,,,,,,
,,,,,,,,,,,,,,,,,,,,,,,,,,,,
,,,,,,,,,,,,,,,,,,,,,,,,,,,,
,,,,,,,,,,,,,,,,,,,,,,,,,,,,
,,,,,,,,,,,,,,,,,,,,,,,,,,,,
,,,,,,,,,,,,,,,,,,,,,,,,,,,,
,,,,,,,,,,,,,,,,,,,,,,,,,,,,
,,,,,,,,,,,,,,,,,,,,,,,,,,,,
,,,,,,,,,,,,,,,,,,,,,,,,,,,,
,,,,,,,,,,,,,,,,,,,,,,,,,,,,
,,,,,,,,,,,,,,,,,,,,,,,,,,,,
,,,,,,,,,,,,,,,,,,,,,,,,,,,,
,,,,,,,,,,,,,,,,,,,,,,,,,,,,
,,,,,,,,,,,,,,,,,,,,,,,,,,,,
,,,,,,,,,,,,,,,,,,,,,,,,,,,,
,,,,,,,,,,,,,,,,,,,,,,,,,,,,
,,,,,,,,,,,,,,,,,,,,,,,,,,,,
,,,,,,,,,,,,,,,,,,,,,,,,,,,,
,,,,,,,,,,,,,,,,,,,,,,,,,,,,
,,,,,,,,,,,,,,,,,,,,,,,,,,,,
,,,,,,,,,,,,,,,,,,,,,,,,,,,,
,,,,,,,,,,,,,,,,,,,,,,,,,,,,
,,,,,,,,,,,,,,,,,,,,,,,,,,,,
,,,,,,,,,,,,,,,,,,,,,,,,,,,,
,,,,,,,,,,,,,,,,,,,,,,,,,,,,
,,,,,,,,,,,,,,,,,,,,,,,,,,,,
,,,,,,,,,,,,,,,,,,,,,,,,,,,,
,,,,,,,,,,,,,,,,,,,,,,,,,,,,
,,,,,,,,,,,,,,,,,,,,,,,,,,,,
,,,,,,,,,,,,,,,,,,,,,,,,,,,,
,,,,,,,,,,,,,,,,,,,,,,,,,,,,
,,,,,,,,,,,,,,,,,,,,,,,,,,,,
,,,,,,,,,,,,,,,,,,,,,,,,,,,,
,,,,,,,,,,,,,,,,,,,,,,,,,,,,
,,,,,,,,,,,,,,,,,,,,,,,,,,,,
,,,,,,,,,,,,,,,,,,,,,,,,,,,,
,,,,,,,,,,,,,,,,,,,,,,,,,,,,
,,,,,,,,,,,,,,,,,,,,,,,,,,,,
,,,,,,,,,,,,,,,,,,,,,,,,,,,,
,,,,,,,,,,,,,,,,,,,,,,,,,,,,
,,,,,,,,,,,,,,,,,,,,,,,,,,,,
,,,,,,,,,,,,,,,,,,,,,,,,,,,,
,,,,,,,,,,,,,,,,,,,,,,,,,,,,
,,,,,,,,,,,,,,,,,,,,,,,,,,,,
,,,,,,,,,,,,,,,,,,,,,,,,,,,,
,,,,,,,,,,,,,,,,,,,,,,,,,,,,
,,,,,,,,,,,,,,,,,,,,,,,,,,,,
,,,,,,,,,,,,,,,,,,,,,,,,,,,,
,,,,,,,,,,,,,,,,,,,,,,,,,,,,
,,,,,,,,,,,,,,,,,,,,,,,,,,,,
,,,,,,,,,,,,,,,,,,,,,,,,,,,,
,,,,,,,,,,,,,,,,,,,,,,,,,,,,
,,,,,,,,,,,,,,,,,,,,,,,,,,,,
,,,,,,,,,,,,,,,,,,,,,,,,,,,,
,,,,,,,,,,,,,,,,,,,,,,,,,,,,
,,,,,,,,,,,,,,,,,,,,,,,,,,,,
,,,,,,,,,,,,,,,,,,,,,,,,,,,,
,,,,,,,,,,,,,,,,,,,,,,,,,,,,
,,,,,,,,,,,,,,,,,,,,,,,,,,,,
,,,,,,,,,,,,,,,,,,,,,,,,,,,,
,,,,,,,,,,,,,,,,,,,,,,,,,,,,
,,,,,,,,,,,,,,,,,,,,,,,,,,,,
,,,,,,,,,,,,,,,,,,,,,,,,,,,,
,,,,,,,,,,,,,,,,,,,,,,,,,,,,
,,,,,,,,,,,,,,,,,,,,,,,,,,,,
,,,,,,,,,,,,,,,,,,,,,,,,,,,,
,,,,,,,,,,,,,,,,,,,,,,,,,,,,
,,,,,,,,,,,,,,,,,,,,,,,,,,,,
,,,,,,,,,,,,,,,,,,,,,,,,,,,,
,,,,,,,,,,,,,,,,,,,,,,,,,,,,
,,,,,,,,,,,,,,,,,,,,,,,,,,,,
,,,,,,,,,,,,,,,,,,,,,,,,,,,,
,,,,,,,,,,,,,,,,,,,,,,,,,,,,
,,,,,,,,,,,,,,,,,,,,,,,,,,,,
,,,,,,,,,,,,,,,,,,,,,,,,,,,,
,,,,,,,,,,,,,,,,,,,,,,,,,,,,
,,,,,,,,,,,,,,,,,,,,,,,,,,,,
,,,,,,,,,,,,,,,,,,,,,,,,,,,,
,,,,,,,,,,,,,,,,,,,,,,,,,,,,
,,,,,,,,,,,,,,,,,,,,,,,,,,,,
,,,,,,,,,,,,,,,,,,,,,,,,,,,,
,,,,,,,,,,,,,,,,,,,,,,,,,,,,
,,,,,,,,,,,,,,,,,,,,,,,,,,,,
,,,,,,,,,,,,,,,,,,,,,,,,,,,,
,,,,,,,,,,,,,,,,,,,,,,,,,,,,
,,,,,,,,,,,,,,,,,,,,,,,,,,,,
,,,,,,,,,,,,,,,,,,,,,,,,,,,,
,,,,,,,,,,,,,,,,,,,,,,,,,,,,
,,,,,,,,,,,,,,,,,,,,,,,,,,,,
,,,,,,,,,,,,,,,,,,,,,,,,,,,,
,,,,,,,,,,,,,,,,,,,,,,,,,,,,
,,,,,,,,,,,,,,,,,,,,,,,,,,,,
,,,,,,,,,,,,,,,,,,,,,,,,,,,,
,,,,,,,,,,,,,,,,,,,,,,,,,,,,
,,,,,,,,,,,,,,,,,,,,,,,,,,,,
,,,,,,,,,,,,,,,,,,,,,,,,,,,,
,,,,,,,,,,,,,,,,,,,,,,,,,,,,
,,,,,,,,,,,,,,,,,,,,,,,,,,,,
,,,,,,,,,,,,,,,,,,,,,,,,,,,,
,,,,,,,,,,,,,,,,,,,,,,,,,,,,
,,,,,,,,,,,,,,,,,,,,,,,,,,,,
,,,,,,,,,,,,,,,,,,,,,,,,,,,,
,,,,,,,,,,,,,,,,,,,,,,,,,,,,
,,,,,,,,,,,,,,,,,,,,,,,,,,,,
,,,,,,,,,,,,,,,,,,,,,,,,,,,,
,,,,,,,,,,,,,,,,,,,,,,,,,,,,
,,,,,,,,,,,,,,,,,,,,,,,,,,,,
,,,,,,,,,,,,,,,,,,,,,,,,,,,,
,,,,,,,,,,,,,,,,,,,,,,,,,,,,
,,,,,,,,,,,,,,,,,,,,,,,,,,,,
,,,,,,,,,,,,,,,,,,,,,,,,,,,,
,,,,,,,,,,,,,,,,,,,,,,,,,,,,
,,,,,,,,,,,,,,,,,,,,,,,,,,,,
,,,,,,,,,,,,,,,,,,,,,,,,,,,,
,,,,,,,,,,,,,,,,,,,,,,,,,,,,
,,,,,,,,,,,,,,,,,,,,,,,,,,,,
,,,,,,,,,,,,,,,,,,,,,,,,,,,,
,,,,,,,,,,,,,,,,,,,,,,,,,,,,
,,,,,,,,,,,,,,,,,,,,,,,,,,,,
,,,,,,,,,,,,,,,,,,,,,,,,,,,,
,,,,,,,,,,,,,,,,,,,,,,,,,,,,
,,,,,,,,,,,,,,,,,,,,,,,,,,,,
,,,,,,,,,,,,,,,,,,,,,,,,,,,,
,,,,,,,,,,,,,,,,,,,,,,,,,,,,
,,,,,,,,,,,,,,,,,,,,,,,,,,,,
,,,,,,,,,,,,,,,,,,,,,,,,,,,,
,,,,,,,,,,,,,,,,,,,,,,,,,,,,
,,,,,,,,,,,,,,,,,,,,,,,,,,,,
,,,,,,,,,,,,,,,,,,,,,,,,,,,,
,,,,,,,,,,,,,,,,,,,,,,,,,,,,
,,,,,,,,,,,,,,,,,,,,,,,,,,,,
,,,,,,,,,,,,,,,,,,,,,,,,,,,,
,,,,,,,,,,,,,,,,,,,,,,,,,,,,
,,,,,,,,,,,,,,,,,,,,,,,,,,,,
,,,,,,,,,,,,,,,,,,,,,,,,,,,,
,,,,,,,,,,,,,,,,,,,,,,,,,,,,
,,,,,,,,,,,,,,,,,,,,,,,,,,,,
,,,,,,,,,,,,,,,,,,,,,,,,,,,,
,,,,,,,,,,,,,,,,,,,,,,,,,,,,
,,,,,,,,,,,,,,,,,,,,,,,,,,,,
,,,,,,,,,,,,,,,,,,,,,,,,,,,,
,,,,,,,,,,,,,,,,,,,,,,,,,,,,
,,,,,,,,,,,,,,,,,,,,,,,,,,,,
,,,,,,,,,,,,,,,,,,,,,,,,,,,,
,,,,,,,,,,,,,,,,,,,,,,,,,,,,
,,,,,,,,,,,,,,,,,,,,,,,,,,,,
,,,,,,,,,,,,,,,,,,,,,,,,,,,,
,,,,,,,,,,,,,,,,,,,,,,,,,,,,
,,,,,,,,,,,,,,,,,,,,,,,,,,,,
,,,,,,,,,,,,,,,,,,,,,,,,,,,,
,,,,,,,,,,,,,,,,,,,,,,,,,,,,
,,,,,,,,,,,,,,,,,,,,,,,,,,,,
,,,,,,,,,,,,,,,,,,,,,,,,,,,,
,,,,,,,,,,,,,,,,,,,,,,,,,,,,
,,,,,,,,,,,,,,,,,,,,,,,,,,,,
,,,,,,,,,,,,,,,,,,,,,,,,,,,,
,,,,,,,,,,,,,,,,,,,,,,,,,,,,
,,,,,,,,,,,,,,,,,,,,,,,,,,,,
,,,,,,,,,,,,,,,,,,,,,,,,,,,,
,,,,,,,,,,,,,,,,,,,,,,,,,,,,
,,,,,,,,,,,,,,,,,,,,,,,,,,,,
,,,,,,,,,,,,,,,,,,,,,,,,,,,,
,,,,,,,,,,,,,,,,,,,,,,,,,,,,
,,,,,,,,,,,,,,,,,,,,,,,,,,,,
,,,,,,,,,,,,,,,,,,,,,,,,,,,,
,,,,,,,,,,,,,,,,,,,,,,,,,,,,
,,,,,,,,,,,,,,,,,,,,,,,,,,,,
,,,,,,,,,,,,,,,,,,,,,,,,,,,,
,,,,,,,,,,,,,,,,,,,,,,,,,,,,
,,,,,,,,,,,,,,,,,,,,,,,,,,,,
,,,,,,,,,,,,,,,,,,,,,,,,,,,,
,,,,,,,,,,,,,,,,,,,,,,,,,,,,
,,,,,,,,,,,,,,,,,,,,,,,,,,,,
,,,,,,,,,,,,,,,,,,,,,,,,,,,,
,,,,,,,,,,,,,,,,,,,,,,,,,,,,
,,,,,,,,,,,,,,,,,,,,,,,,,,,,
,,,,,,,,,,,,,,,,,,,,,,,,,,,,
,,,,,,,,,,,,,,,,,,,,,,,,,,,,
,,,,,,,,,,,,,,,,,,,,,,,,,,,,
,,,,,,,,,,,,,,,,,,,,,,,,,,,,
,,,,,,,,,,,,,,,,,,,,,,,,,,,,
,,,,,,,,,,,,,,,,,,,,,,,,,,,,
,,,,,,,,,,,,,,,,,,,,,,,,,,,,
,,,,,,,,,,,,,,,,,,,,,,,,,,,,
,,,,,,,,,,,,,,,,,,,,,,,,,,,,
,,,,,,,,,,,,,,,,,,,,,,,,,,,,
,,,,,,,,,,,,,,,,,,,,,,,,,,,,
,,,,,,,,,,,,,,,,,,,,,,,,,,,,
,,,,,,,,,,,,,,,,,,,,,,,,,,,,
,,,,,,,,,,,,,,,,,,,,,,,,,,,,
,,,,,,,,,,,,,,,,,,,,,,,,,,,,
,,,,,,,,,,,,,,,,,,,,,,,,,,,,
,,,,,,,,,,,,,,,,,,,,,,,,,,,,
,,,,,,,,,,,,,,,,,,,,,,,,,,,,
,,,,,,,,,,,,,,,,,,,,,,,,,,,,
,,,,,,,,,,,,,,,,,,,,,,,,,,,,
,,,,,,,,,,,,,,,,,,,,,,,,,,,,
,,,,,,,,,,,,,,,,,,,,,,,,,,,,
,,,,,,,,,,,,,,,,,,,,,,,,,,,,
,,,,,,,,,,,,,,,,,,,,,,,,,,,,
,,,,,,,,,,,,,,,,,,,,,,,,,,,,
,,,,,,,,,,,,,,,,,,,,,,,,,,,,
,,,,,,,,,,,,,,,,,,,,,,,,,,,,
,,,,,,,,,,,,,,,,,,,,,,,,,,,,
,,,,,,,,,,,,,,,,,,,,,,,,,,,,
,,,,,,,,,,,,,,,,,,,,,,,,,,,,
,,,,,,,,,,,,,,,,,,,,,,,,,,,,
,,,,,,,,,,,,,,,,,,,,,,,,,,,,
,,,,,,,,,,,,,,,,,,,,,,,,,,,,
,,,,,,,,,,,,,,,,,,,,,,,,,,,,
,,,,,,,,,,,,,,,,,,,,,,,,,,,,
,,,,,,,,,,,,,,,,,,,,,,,,,,,,
,,,,,,,,,,,,,,,,,,,,,,,,,,,,
,,,,,,,,,,,,,,,,,,,,,,,,,,,,
,,,,,,,,,,,,,,,,,,,,,,,,,,,,
,,,,,,,,,,,,,,,,,,,,,,,,,,,,
,,,,,,,,,,,,,,,,,,,,,,,,,,,,
,,,,,,,,,,,,,,,,,,,,,,,,,,,,
,,,,,,,,,,,,,,,,,,,,,,,,,,,,
,,,,,,,,,,,,,,,,,,,,,,,,,,,,
,,,,,,,,,,,,,,,,,,,,,,,,,,,,
,,,,,,,,,,,,,,,,,,,,,,,,,,,,
,,,,,,,,,,,,,,,,,,,,,,,,,,,,
,,,,,,,,,,,,,,,,,,,,,,,,,,,,
,,,,,,,,,,,,,,,,,,,,,,,,,,,,
,,,,,,,,,,,,,,,,,,,,,,,,,,,,
,,,,,,,,,,,,,,,,,,,,,,,,,,,,
,,,,,,,,,,,,,,,,,,,,,,,,,,,,
,,,,,,,,,,,,,,,,,,,,,,,,,,,,
,,,,,,,,,,,,,,,,,,,,,,,,,,,,
,,,,,,,,,,,,,,,,,,,,,,,,,,,,
,,,,,,,,,,,,,,,,,,,,,,,,,,,,
,,,,,,,,,,,,,,,,,,,,,,,,,,,,
,,,,,,,,,,,,,,,,,,,,,,,,,,,,
,,,,,,,,,,,,,,,,,,,,,,,,,,,,
,,,,,,,,,,,,,,,,,,,,,,,,,,,,
,,,,,,,,,,,,,,,,,,,,,,,,,,,,
,,,,,,,,,,,,,,,,,,,,,,,,,,,,
,,,,,,,,,,,,,,,,,,,,,,,,,,,,
,,,,,,,,,,,,,,,,,,,,,,,,,,,,
,,,,,,,,,,,,,,,,,,,,,,,,,,,,
,,,,,,,,,,,,,,,,,,,,,,,,,,,,
,,,,,,,,,,,,,,,,,,,,,,,,,,,,
,,,,,,,,,,,,,,,,,,,,,,,,,,,,
,,,,,,,,,,,,,,,,,,,,,,,,,,,,
,,,,,,,,,,,,,,,,,,,,,,,,,,,,
,,,,,,,,,,,,,,,,,,,,,,,,,,,,
,,,,,,,,,,,,,,,,,,,,,,,,,,,,
,,,,,,,,,,,,,,,,,,,,,,,,,,,,
,,,,,,,,,,,,,,,,,,,,,,,,,,,,
,,,,,,,,,,,,,,,,,,,,,,,,,,,,
,,,,,,,,,,,,,,,,,,,,,,,,,,,,
,,,,,,,,,,,,,,,,,,,,,,,,,,,,
,,,,,,,,,,,,,,,,,,,,,,,,,,,,
,,,,,,,,,,,,,,,,,,,,,,,,,,,,
,,,,,,,,,,,,,,,,,,,,,,,,,,,,
,,,,,,,,,,,,,,,,,,,,,,,,,,,,
,,,,,,,,,,,,,,,,,,,,,,,,,,,,
,,,,,,,,,,,,,,,,,,,,,,,,,,,,
,,,,,,,,,,,,,,,,,,,,,,,,,,,,
,,,,,,,,,,,,,,,,,,,,,,,,,,,,
,,,,,,,,,,,,,,,,,,,,,,,,,,,,
,,,,,,,,,,,,,,,,,,,,,,,,,,,,
,,,,,,,,,,,,,,,,,,,,,,,,,,,,
,,,,,,,,,,,,,,,,,,,,,,,,,,,,
,,,,,,,,,,,,,,,,,,,,,,,,,,,,
,,,,,,,,,,,,,,,,,,,,,,,,,,,,
,,,,,,,,,,,,,,,,,,,,,,,,,,,,
,,,,,,,,,,,,,,,,,,,,,,,,,,,,
,,,,,,,,,,,,,,,,,,,,,,,,,,,,
,,,,,,,,,,,,,,,,,,,,,,,,,,,,
,,,,,,,,,,,,,,,,,,,,,,,,,,,,
,,,,,,,,,,,,,,,,,,,,,,,,,,,,
,,,,,,,,,,,,,,,,,,,,,,,,,,,,
,,,,,,,,,,,,,,,,,,,,,,,,,,,,
,,,,,,,,,,,,,,,,,,,,,,,,,,,,
,,,,,,,,,,,,,,,,,,,,,,,,,,,,
,,,,,,,,,,,,,,,,,,,,,,,,,,,,
,,,,,,,,,,,,,,,,,,,,,,,,,,,,
,,,,,,,,,,,,,,,,,,,,,,,,,,,,
,,,,,,,,,,,,,,,,,,,,,,,,,,,,
,,,,,,,,,,,,,,,,,,,,,,,,,,,,
,,,,,,,,,,,,,,,,,,,,,,,,,,,,
,,,,,,,,,,,,,,,,,,,,,,,,,,,,
,,,,,,,,,,,,,,,,,,,,,,,,,,,,
,,,,,,,,,,,,,,,,,,,,,,,,,,,,
,,,,,,,,,,,,,,,,,,,,,,,,,,,,
,,,,,,,,,,,,,,,,,,,,,,,,,,,,
,,,,,,,,,,,,,,,,,,,,,,,,,,,,
,,,,,,,,,,,,,,,,,,,,,,,,,,,,
,,,,,,,,,,,,,,,,,,,,,,,,,,,,
,,,,,,,,,,,,,,,,,,,,,,,,,,,,
,,,,,,,,,,,,,,,,,,,,,,,,,,,,
,,,,,,,,,,,,,,,,,,,,,,,,,,,,
,,,,,,,,,,,,,,,,,,,,,,,,,,,,
,,,,,,,,,,,,,,,,,,,,,,,,,,,,
,,,,,,,,,,,,,,,,,,,,,,,,,,,,
,,,,,,,,,,,,,,,,,,,,,,,,,,,,
,,,,,,,,,,,,,,,,,,,,,,,,,,,,
,,,,,,,,,,,,,,,,,,,,,,,,,,,,
,,,,,,,,,,,,,,,,,,,,,,,,,,,,
,,,,,,,,,,,,,,,,,,,,,,,,,,,,
,,,,,,,,,,,,,,,,,,,,,,,,,,,,
,,,,,,,,,,,,,,,,,,,,,,,,,,,,
,,,,,,,,,,,,,,,,,,,,,,,,,,,,
,,,,,,,,,,,,,,,,,,,,,,,,,,,,
,,,,,,,,,,,,,,,,,,,,,,,,,,,,
,,,,,,,,,,,,,,,,,,,,,,,,,,,,
,,,,,,,,,,,,,,,,,,,,,,,,,,,,
,,,,,,,,,,,,,,,,,,,,,,,,,,,,
,,,,,,,,,,,,,,,,,,,,,,,,,,,,
,,,,,,,,,,,,,,,,,,,,,,,,,,,,
,,,,,,,,,,,,,,,,,,,,,,,,,,,,
,,,,,,,,,,,,,,,,,,,,,,,,,,,,
,,,,,,,,,,,,,,,,,,,,,,,,,,,,
,,,,,,,,,,,,,,,,,,,,,,,,,,,,
,,,,,,,,,,,,,,,,,,,,,,,,,,,,
,,,,,,,,,,,,,,,,,,,,,,,,,,,,
,,,,,,,,,,,,,,,,,,,,,,,,,,,,
,,,,,,,,,,,,,,,,,,,,,,,,,,,,
,,,,,,,,,,,,,,,,,,,,,,,,,,,,
,,,,,,,,,,,,,,,,,,,,,,,,,,,,
,,,,,,,,,,,,,,,,,,,,,,,,,,,,
,,,,,,,,,,,,,,,,,,,,,,,,,,,,
,,,,,,,,,,,,,,,,,,,,,,,,,,,,
,,,,,,,,,,,,,,,,,,,,,,,,,,,,
,,,,,,,,,,,,,,,,,,,,,,,,,,,,
,,,,,,,,,,,,,,,,,,,,,,,,,,,,
,,,,,,,,,,,,,,,,,,,,,,,,,,,,
,,,,,,,,,,,,,,,,,,,,,,,,,,,,
,,,,,,,,,,,,,,,,,,,,,,,,,,,,
,,,,,,,,,,,,,,,,,,,,,,,,,,,,
,,,,,,,,,,,,,,,,,,,,,,,,,,,,
,,,,,,,,,,,,,,,,,,,,,,,,,,,,
,,,,,,,,,,,,,,,,,,,,,,,,,,,,
,,,,,,,,,,,,,,,,,,,,,,,,,,,,
,,,,,,,,,,,,,,,,,,,,,,,,,,,,
,,,,,,,,,,,,,,,,,,,,,,,,,,,,
,,,,,,,,,,,,,,,,,,,,,,,,,,,,
,,,,,,,,,,,,,,,,,,,,,,,,,,,,
,,,,,,,,,,,,,,,,,,,,,,,,,,,,
,,,,,,,,,,,,,,,,,,,,,,,,,,,,
,,,,,,,,,,,,,,,,,,,,,,,,,,,,
,,,,,,,,,,,,,,,,,,,,,,,,,,,,
,,,,,,,,,,,,,,,,,,,,,,,,,,,,
,,,,,,,,,,,,,,,,,,,,,,,,,,,,
,,,,,,,,,,,,,,,,,,,,,,,,,,,,
,,,,,,,,,,,,,,,,,,,,,,,,,,,,
,,,,,,,,,,,,,,,,,,,,,,,,,,,,
,,,,,,,,,,,,,,,,,,,,,,,,,,,,
,,,,,,,,,,,,,,,,,,,,,,,,,,,,
,,,,,,,,,,,,,,,,,,,,,,,,,,,,
,,,,,,,,,,,,,,,,,,,,,,,,,,,,
,,,,,,,,,,,,,,,,,,,,,,,,,,,,
,,,,,,,,,,,,,,,,,,,,,,,,,,,,
,,,,,,,,,,,,,,,,,,,,,,,,,,,,
,,,,,,,,,,,,,,,,,,,,,,,,,,,,
,,,,,,,,,,,,,,,,,,,,,,,,,,,,
,,,,,,,,,,,,,,,,,,,,,,,,,,,,
,,,,,,,,,,,,,,,,,,,,,,,,,,,,
,,,,,,,,,,,,,,,,,,,,,,,,,,,,
,,,,,,,,,,,,,,,,,,,,,,,,,,,,
,,,,,,,,,,,,,,,,,,,,,,,,,,,,
,,,,,,,,,,,,,,,,,,,,,,,,,,,,
,,,,,,,,,,,,,,,,,,,,,,,,,,,,
,,,,,,,,,,,,,,,,,,,,,,,,,,,,
,,,,,,,,,,,,,,,,,,,,,,,,,,,,
,,,,,,,,,,,,,,,,,,,,,,,,,,,,
,,,,,,,,,,,,,,,,,,,,,,,,,,,,
,,,,,,,,,,,,,,,,,,,,,,,,,,,,
,,,,,,,,,,,,,,,,,,,,,,,,,,,,
,,,,,,,,,,,,,,,,,,,,,,,,,,,,
,,,,,,,,,,,,,,,,,,,,,,,,,,,,
,,,,,,,,,,,,,,,,,,,,,,,,,,,,
,,,,,,,,,,,,,,,,,,,,,,,,,,,,
,,,,,,,,,,,,,,,,,,,,,,,,,,,,
,,,,,,,,,,,,,,,,,,,,,,,,,,,,
,,,,,,,,,,,,,,,,,,,,,,,,,,,,
,,,,,,,,,,,,,,,,,,,,,,,,,,,,
,,,,,,,,,,,,,,,,,,,,,,,,,,,,
,,,,,,,,,,,,,,,,,,,,,,,,,,,,
,,,,,,,,,,,,,,,,,,,,,,,,,,,,
,,,,,,,,,,,,,,,,,,,,,,,,,,,,
,,,,,,,,,,,,,,,,,,,,,,,,,,,,
,,,,,,,,,,,,,,,,,,,,,,,,,,,,
,,,,,,,,,,,,,,,,,,,,,,,,,,,,
,,,,,,,,,,,,,,,,,,,,,,,,,,,,
,,,,,,,,,,,,,,,,,,,,,,,,,,,,
,,,,,,,,,,,,,,,,,,,,,,,,,,,,
,,,,,,,,,,,,,,,,,,,,,,,,,,,,
,,,,,,,,,,,,,,,,,,,,,,,,,,,,
,,,,,,,,,,,,,,,,,,,,,,,,,,,,
,,,,,,,,,,,,,,,,,,,,,,,,,,,,
,,,,,,,,,,,,,,,,,,,,,,,,,,,,
,,,,,,,,,,,,,,,,,,,,,,,,,,,,
,,,,,,,,,,,,,,,,,,,,,,,,,,,,
,,,,,,,,,,,,,,,,,,,,,,,,,,,,
,,,,,,,,,,,,,,,,,,,,,,,,,,,,
,,,,,,,,,,,,,,,,,,,,,,,,,,,,
,,,,,,,,,,,,,,,,,,,,,,,,,,,,
,,,,,,,,,,,,,,,,,,,,,,,,,,,,
,,,,,,,,,,,,,,,,,,,,,,,,,,,,
,,,,,,,,,,,,,,,,,,,,,,,,,,,,
,,,,,,,,,,,,,,,,,,,,,,,,,,,,
,,,,,,,,,,,,,,,,,,,,,,,,,,,,
,,,,,,,,,,,,,,,,,,,,,,,,,,,,
,,,,,,,,,,,,,,,,,,,,,,,,,,,,
,,,,,,,,,,,,,,,,,,,,,,,,,,,,
,,,,,,,,,,,,,,,,,,,,,,,,,,,,
,,,,,,,,,,,,,,,,,,,,,,,,,,,,
,,,,,,,,,,,,,,,,,,,,,,,,,,,,
,,,,,,,,,,,,,,,,,,,,,,,,,,,,
,,,,,,,,,,,,,,,,,,,,,,,,,,,,
,,,,,,,,,,,,,,,,,,,,,,,,,,,,
,,,,,,,,,,,,,,,,,,,,,,,,,,,,
,,,,,,,,,,,,,,,,,,,,,,,,,,,,
,,,,,,,,,,,,,,,,,,,,,,,,,,,,
,,,,,,,,,,,,,,,,,,,,,,,,,,,,
,,,,,,,,,,,,,,,,,,,,,,,,,,,,
,,,,,,,,,,,,,,,,,,,,,,,,,,,,
,,,,,,,,,,,,,,,,,,,,,,,,,,,,
,,,,,,,,,,,,,,,,,,,,,,,,,,,,
,,,,,,,,,,,,,,,,,,,,,,,,,,,,
,,,,,,,,,,,,,,,,,,,,,,,,,,,,
,,,,,,,,,,,,,,,,,,,,,,,,,,,,
,,,,,,,,,,,,,,,,,,,,,,,,,,,,
,,,,,,,,,,,,,,,,,,,,,,,,,,,,
,,,,,,,,,,,,,,,,,,,,,,,,,,,,
,,,,,,,,,,,,,,,,,,,,,,,,,,,,
,,,,,,,,,,,,,,,,,,,,,,,,,,,,
,,,,,,,,,,,,,,,,,,,,,,,,,,,,
,,,,,,,,,,,,,,,,,,,,,,,,,,,,
,,,,,,,,,,,,,,,,,,,,,,,,,,,,
,,,,,,,,,,,,,,,,,,,,,,,,,,,,
,,,,,,,,,,,,,,,,,,,,,,,,,,,,
,,,,,,,,,,,,,,,,,,,,,,,,,,,,
,,,,,,,,,,,,,,,,,,,,,,,,,,,,
,,,,,,,,,,,,,,,,,,,,,,,,,,,,
,,,,,,,,,,,,,,,,,,,,,,,,,,,,
,,,,,,,,,,,,,,,,,,,,,,,,,,,,
,,,,,,,,,,,,,,,,,,,,,,,,,,,,
,,,,,,,,,,,,,,,,,,,,,,,,,,,,
,,,,,,,,,,,,,,,,,,,,,,,,,,,,
,,,,,,,,,,,,,,,,,,,,,,,,,,,,
,,,,,,,,,,,,,,,,,,,,,,,,,,,,
,,,,,,,,,,,,,,,,,,,,,,,,,,,,
,,,,,,,,,,,,,,,,,,,,,,,,,,,,
,,,,,,,,,,,,,,,,,,,,,,,,,,,,
,,,,,,,,,,,,,,,,,,,,,,,,,,,,
,,,,,,,,,,,,,,,,,,,,,,,,,,,,
,,,,,,,,,,,,,,,,,,,,,,,,,,,,
,,,,,,,,,,,,,,,,,,,,,,,,,,,,
,,,,,,,,,,,,,,,,,,,,,,,,,,,,
,,,,,,,,,,,,,,,,,,,,,,,,,,,,
,,,,,,,,,,,,,,,,,,,,,,,,,,,,
,,,,,,,,,,,,,,,,,,,,,,,,,,,,
,,,,,,,,,,,,,,,,,,,,,,,,,,,,
,,,,,,,,,,,,,,,,,,,,,,,,,,,,
,,,,,,,,,,,,,,,,,,,,,,,,,,,,
,,,,,,,,,,,,,,,,,,,,,,,,,,,,
,,,,,,,,,,,,,,,,,,,,,,,,,,,,
,,,,,,,,,,,,,,,,,,,,,,,,,,,,
,,,,,,,,,,,,,,,,,,,,,,,,,,,,
,,,,,,,,,,,,,,,,,,,,,,,,,,,,
,,,,,,,,,,,,,,,,,,,,,,,,,,,,
,,,,,,,,,,,,,,,,,,,,,,,,,,,,
,,,,,,,,,,,,,,,,,,,,,,,,,,,,
,,,,,,,,,,,,,,,,,,,,,,,,,,,,
,,,,,,,,,,,,,,,,,,,,,,,,,,,,
,,,,,,,,,,,,,,,,,,,,,,,,,,,,
,,,,,,,,,,,,,,,,,,,,,,,,,,,,
,,,,,,,,,,,,,,,,,,,,,,,,,,,,
,,,,,,,,,,,,,,,,,,,,,,,,,,,,
,,,,,,,,,,,,,,,,,,,,,,,,,,,,
,,,,,,,,,,,,,,,,,,,,,,,,,,,,
,,,,,,,,,,,,,,,,,,,,,,,,,,,,
,,,,,,,,,,,,,,,,,,,,,,,,,,,,
,,,,,,,,,,,,,,,,,,,,,,,,,,,,
,,,,,,,,,,,,,,,,,,,,,,,,,,,,
,,,,,,,,,,,,,,,,,,,,,,,,,,,,
,,,,,,,,,,,,,,,,,,,,,,,,,,,,
,,,,,,,,,,,,,,,,,,,,,,,,,,,,
,,,,,,,,,,,,,,,,,,,,,,,,,,,,
,,,,,,,,,,,,,,,,,,,,,,,,,,,,
,,,,,,,,,,,,,,,,,,,,,,,,,,,,
,,,,,,,,,,,,,,,,,,,,,,,,,,,,
,,,,,,,,,,,,,,,,,,,,,,,,,,,,
,,,,,,,,,,,,,,,,,,,,,,,,,,,,
,,,,,,,,,,,,,,,,,,,,,,,,,,,,
,,,,,,,,,,,,,,,,,,,,,,,,,,,,
,,,,,,,,,,,,,,,,,,,,,,,,,,,,
,,,,,,,,,,,,,,,,,,,,,,,,,,,,
,,,,,,,,,,,,,,,,,,,,,,,,,,,,
,,,,,,,,,,,,,,,,,,,,,,,,,,,,
,,,,,,,,,,,,,,,,,,,,,,,,,,,,
,,,,,,,,,,,,,,,,,,,,,,,,,,,,
,,,,,,,,,,,,,,,,,,,,,,,,,,,,
,,,,,,,,,,,,,,,,,,,,,,,,,,,,
,,,,,,,,,,,,,,,,,,,,,,,,,,,,
,,,,,,,,,,,,,,,,,,,,,,,,,,,,
,,,,,,,,,,,,,,,,,,,,,,,,,,,,
,,,,,,,,,,,,,,,,,,,,,,,,,,,,
,,,,,,,,,,,,,,,,,,,,,,,,,,,,
,,,,,,,,,,,,,,,,,,,,,,,,,,,,
,,,,,,,,,,,,,,,,,,,,,,,,,,,,
,,,,,,,,,,,,,,,,,,,,,,,,,,,,
,,,,,,,,,,,,,,,,,,,,,,,,,,,,
,,,,,,,,,,,,,,,,,,,,,,,,,,,,
,,,,,,,,,,,,,,,,,,,,,,,,,,,,
,,,,,,,,,,,,,,,,,,,,,,,,,,,,
,,,,,,,,,,,,,,,,,,,,,,,,,,,,
,,,,,,,,,,,,,,,,,,,,,,,,,,,,
,,,,,,,,,,,,,,,,,,,,,,,,,,,,
,,,,,,,,,,,,,,,,,,,,,,,,,,,,
,,,,,,,,,,,,,,,,,,,,,,,,,,,,
,,,,,,,,,,,,,,,,,,,,,,,,,,,,
,,,,,,,,,,,,,,,,,,,,,,,,,,,,
,,,,,,,,,,,,,,,,,,,,,,,,,,,,
,,,,,,,,,,,,,,,,,,,,,,,,,,,,
,,,,,,,,,,,,,,,,,,,,,,,,,,,,
,,,,,,,,,,,,,,,,,,,,,,,,,,,,
,,,,,,,,,,,,,,,,,,,,,,,,,,,,
,,,,,,,,,,,,,,,,,,,,,,,,,,,,
,,,,,,,,,,,,,,,,,,,,,,,,,,,,
,,,,,,,,,,,,,,,,,,,,,,,,,,,,
,,,,,,,,,,,,,,,,,,,,,,,,,,,,
,,,,,,,,,,,,,,,,,,,,,,,,,,,,
,,,,,,,,,,,,,,,,,,,,,,,,,,,,
,,,,,,,,,,,,,,,,,,,,,,,,,,,,
,,,,,,,,,,,,,,,,,,,,,,,,,,,,
,,,,,,,,,,,,,,,,,,,,,,,,,,,,
,,,,,,,,,,,,,,,,,,,,,,,,,,,,
,,,,,,,,,,,,,,,,,,,,,,,,,,,,
,,,,,,,,,,,,,,,,,,,,,,,,,,,,
,,,,,,,,,,,,,,,,,,,,,,,,,,,,
,,,,,,,,,,,,,,,,,,,,,,,,,,,,
,,,,,,,,,,,,,,,,,,,,,,,,,,,,
,,,,,,,,,,,,,,,,,,,,,,,,,,,,
,,,,,,,,,,,,,,,,,,,,,,,,,,,,
,,,,,,,,,,,,,,,,,,,,,,,,,,,,
,,,,,,,,,,,,,,,,,,,,,,,,,,,,
,,,,,,,,,,,,,,,,,,,,,,,,,,,,
,,,,,,,,,,,,,,,,,,,,,,,,,,,,
,,,,,,,,,,,,,,,,,,,,,,,,,,,,
,,,,,,,,,,,,,,,,,,,,,,,,,,,,
,,,,,,,,,,,,,,,,,,,,,,,,,,,,
,,,,,,,,,,,,,,,,,,,,,,,,,,,,
,,,,,,,,,,,,,,,,,,,,,,,,,,,,
,,,,,,,,,,,,,,,,,,,,,,,,,,,,
,,,,,,,,,,,,,,,,,,,,,,,,,,,,
,,,,,,,,,,,,,,,,,,,,,,,,,,,,
,,,,,,,,,,,,,,,,,,,,,,,,,,,,
,,,,,,,,,,,,,,,,,,,,,,,,,,,,
,,,,,,,,,,,,,,,,,,,,,,,,,,,,
,,,,,,,,,,,,,,,,,,,,,,,,,,,,
,,,,,,,,,,,,,,,,,,,,,,,,,,,,
,,,,,,,,,,,,,,,,,,,,,,,,,,,,
,,,,,,,,,,,,,,,,,,,,,,,,,,,,
,,,,,,,,,,,,,,,,,,,,,,,,,,,,
,,,,,,,,,,,,,,,,,,,,,,,,,,,,
,,,,,,,,,,,,,,,,,,,,,,,,,,,,
,,,,,,,,,,,,,,,,,,,,,,,,,,,,
,,,,,,,,,,,,,,,,,,,,,,,,,,,,
,,,,,,,,,,,,,,,,,,,,,,,,,,,,
,,,,,,,,,,,,,,,,,,,,,,,,,,,,
,,,,,,,,,,,,,,,,,,,,,,,,,,,,
,,,,,,,,,,,,,,,,,,,,,,,,,,,,
,,,,,,,,,,,,,,,,,,,,,,,,,,,,
,,,,,,,,,,,,,,,,,,,,,,,,,,,,
,,,,,,,,,,,,,,,,,,,,,,,,,,,,
,,,,,,,,,,,,,,,,,,,,,,,,,,,,
,,,,,,,,,,,,,,,,,,,,,,,,,,,,
,,,,,,,,,,,,,,,,,,,,,,,,,,,,
,,,,,,,,,,,,,,,,,,,,,,,,,,,,
,,,,,,,,,,,,,,,,,,,,,,,,,,,,
,,,,,,,,,,,,,,,,,,,,,,,,,,,,
,,,,,,,,,,,,,,,,,,,,,,,,,,,,
,,,,,,,,,,,,,,,,,,,,,,,,,,,,
,,,,,,,,,,,,,,,,,,,,,,,,,,,,
,,,,,,,,,,,,,,,,,,,,,,,,,,,,
,,,,,,,,,,,,,,,,,,,,,,,,,,,,
,,,,,,,,,,,,,,,,,,,,,,,,,,,,
,,,,,,,,,,,,,,,,,,,,,,,,,,,,
,,,,,,,,,,,,,,,,,,,,,,,,,,,,
,,,,,,,,,,,,,,,,,,,,,,,,,,,,
,,,,,,,,,,,,,,,,,,,,,,,,,,,,
,,,,,,,,,,,,,,,,,,,,,,,,,,,,
,,,,,,,,,,,,,,,,,,,,,,,,,,,,
,,,,,,,,,,,,,,,,,,,,,,,,,,,,
,,,,,,,,,,,,,,,,,,,,,,,,,,,,
,,,,,,,,,,,,,,,,,,,,,,,,,,,,
,,,,,,,,,,,,,,,,,,,,,,,,,,,,
,,,,,,,,,,,,,,,,,,,,,,,,,,,,
,,,,,,,,,,,,,,,,,,,,,,,,,,,,
,,,,,,,,,,,,,,,,,,,,,,,,,,,,
,,,,,,,,,,,,,,,,,,,,,,,,,,,,
,,,,,,,,,,,,,,,,,,,,,,,,,,,,
,,,,,,,,,,,,,,,,,,,,,,,,,,,,
,,,,,,,,,,,,,,,,,,,,,,,,,,,,
,,,,,,,,,,,,,,,,,,,,,,,,,,,,
,,,,,,,,,,,,,,,,,,,,,,,,,,,,
,,,,,,,,,,,,,,,,,,,,,,,,,,,,
,,,,,,,,,,,,,,,,,,,,,,,,,,,,
,,,,,,,,,,,,,,,,,,,,,,,,,,,,
,,,,,,,,,,,,,,,,,,,,,,,,,,,,
,,,,,,,,,,,,,,,,,,,,,,,,,,,,
,,,,,,,,,,,,,,,,,,,,,,,,,,,,
,,,,,,,,,,,,,,,,,,,,,,,,,,,,
,,,,,,,,,,,,,,,,,,,,,,,,,,,,
,,,,,,,,,,,,,,,,,,,,,,,,,,,,
,,,,,,,,,,,,,,,,,,,,,,,,,,,,
,,,,,,,,,,,,,,,,,,,,,,,,,,,,
,,,,,,,,,,,,,,,,,,,,,,,,,,,,
,,,,,,,,,,,,,,,,,,,,,,,,,,,,
,,,,,,,,,,,,,,,,,,,,,,,,,,,,
,,,,,,,,,,,,,,,,,,,,,,,,,,,,
,,,,,,,,,,,,,,,,,,,,,,,,,,,,
,,,,,,,,,,,,,,,,,,,,,,,,,,,,
,,,,,,,,,,,,,,,,,,,,,,,,,,,,
,,,,,,,,,,,,,,,,,,,,,,,,,,,,
,,,,,,,,,,,,,,,,,,,,,,,,,,,,
,,,,,,,,,,,,,,,,,,,,,,,,,,,,
,,,,,,,,,,,,,,,,,,,,,,,,,,,,
,,,,,,,,,,,,,,,,,,,,,,,,,,,,
,,,,,,,,,,,,,,,,,,,,,,,,,,,,
,,,,,,,,,,,,,,,,,,,,,,,,,,,,
,,,,,,,,,,,,,,,,,,,,,,,,,,,,
,,,,,,,,,,,,,,,,,,,,,,,,,,,,
,,,,,,,,,,,,,,,,,,,,,,,,,,,,
,,,,,,,,,,,,,,,,,,,,,,,,,,,,
,,,,,,,,,,,,,,,,,,,,,,,,,,,,
,,,,,,,,,,,,,,,,,,,,,,,,,,,,
,,,,,,,,,,,,,,,,,,,,,,,,,,,,
,,,,,,,,,,,,,,,,,,,,,,,,,,,,
,,,,,,,,,,,,,,,,,,,,,,,,,,,,
,,,,,,,,,,,,,,,,,,,,,,,,,,,,
,,,,,,,,,,,,,,,,,,,,,,,,,,,,
,,,,,,,,,,,,,,,,,,,,,,,,,,,,
,,,,,,,,,,,,,,,,,,,,,,,,,,,,
,,,,,,,,,,,,,,,,,,,,,,,,,,,,
,,,,,,,,,,,,,,,,,,,,,,,,,,,,
,,,,,,,,,,,,,,,,,,,,,,,,,,,,
,,,,,,,,,,,,,,,,,,,,,,,,,,,,
,,,,,,,,,,,,,,,,,,,,,,,,,,,,
,,,,,,,,,,,,,,,,,,,,,,,,,,,,
,,,,,,,,,,,,,,,,,,,,,,,,,,,,
,,,,,,,,,,,,,,,,,,,,,,,,,,,,
,,,,,,,,,,,,,,,,,,,,,,,,,,,,
,,,,,,,,,,,,,,,,,,,,,,,,,,,,
,,,,,,,,,,,,,,,,,,,,,,,,,,,,
,,,,,,,,,,,,,,,,,,,,,,,,,,,,
,,,,,,,,,,,,,,,,,,,,,,,,,,,,
,,,,,,,,,,,,,,,,,,,,,,,,,,,,
,,,,,,,,,,,,,,,,,,,,,,,,,,,,
,,,,,,,,,,,,,,,,,,,,,,,,,,,,
,,,,,,,,,,,,,,,,,,,,,,,,,,,,
,,,,,,,,,,,,,,,,,,,,,,,,,,,,
,,,,,,,,,,,,,,,,,,,,,,,,,,,,
,,,,,,,,,,,,,,,,,,,,,,,,,,,,
,,,,,,,,,,,,,,,,,,,,,,,,,,,,
,,,,,,,,,,,,,,,,,,,,,,,,,,,,
,,,,,,,,,,,,,,,,,,,,,,,,,,,,
,,,,,,,,,,,,,,,,,,,,,,,,,,,,
,,,,,,,,,,,,,,,,,,,,,,,,,,,,
,,,,,,,,,,,,,,,,,,,,,,,,,,,,
,,,,,,,,,,,,,,,,,,,,,,,,,,,,
,,,,,,,,,,,,,,,,,,,,,,,,,,,,
,,,,,,,,,,,,,,,,,,,,,,,,,,,,
,,,,,,,,,,,,,,,,,,,,,,,,,,,,
,,,,,,,,,,,,,,,,,,,,,,,,,,,,
,,,,,,,,,,,,,,,,,,,,,,,,,,,,
,,,,,,,,,,,,,,,,,,,,,,,,,,,,
,,,,,,,,,,,,,,,,,,,,,,,,,,,,
,,,,,,,,,,,,,,,,,,,,,,,,,,,,
,,,,,,,,,,,,,,,,,,,,,,,,,,,,
,,,,,,,,,,,,,,,,,,,,,,,,,,,,
,,,,,,,,,,,,,,,,,,,,,,,,,,,,
,,,,,,,,,,,,,,,,,,,,,,,,,,,,
,,,,,,,,,,,,,,,,,,,,,,,,,,,,
,,,,,,,,,,,,,,,,,,,,,,,,,,,,
,,,,,,,,,,,,,,,,,,,,,,,,,,,,
,,,,,,,,,,,,,,,,,,,,,,,,,,,,
,,,,,,,,,,,,,,,,,,,,,,,,,,,,
,,,,,,,,,,,,,,,,,,,,,,,,,,,,
,,,,,,,,,,,,,,,,,,,,,,,,,,,,
,,,,,,,,,,,,,,,,,,,,,,,,,,,,
,,,,,,,,,,,,,,,,,,,,,,,,,,,,
,,,,,,,,,,,,,,,,,,,,,,,,,,,,
,,,,,,,,,,,,,,,,,,,,,,,,,,,,
,,,,,,,,,,,,,,,,,,,,,,,,,,,,
,,,,,,,,,,,,,,,,,,,,,,,,,,,,
,,,,,,,,,,,,,,,,,,,,,,,,,,,,
,,,,,,,,,,,,,,,,,,,,,,,,,,,,
,,,,,,,,,,,,,,,,,,,,,,,,,,,,
,,,,,,,,,,,,,,,,,,,,,,,,,,,,
,,,,,,,,,,,,,,,,,,,,,,,,,,,,
,,,,,,,,,,,,,,,,,,,,,,,,,,,,
,,,,,,,,,,,,,,,,,,,,,,,,,,,,
,,,,,,,,,,,,,,,,,,,,,,,,,,,,
,,,,,,,,,,,,,,,,,,,,,,,,,,,,
,,,,,,,,,,,,,,,,,,,,,,,,,,,,
,,,,,,,,,,,,,,,,,,,,,,,,,,,,
,,,,,,,,,,,,,,,,,,,,,,,,,,,,
,,,,,,,,,,,,,,,,,,,,,,,,,,,,
,,,,,,,,,,,,,,,,,,,,,,,,,,,,
,,,,,,,,,,,,,,,,,,,,,,,,,,,,
,,,,,,,,,,,,,,,,,,,,,,,,,,,,
,,,,,,,,,,,,,,,,,,,,,,,,,,,,
,,,,,,,,,,,,,,,,,,,,,,,,,,,,
,,,,,,,,,,,,,,,,,,,,,,,,,,,,
,,,,,,,,,,,,,,,,,,,,,,,,,,,,
,,,,,,,,,,,,,,,,,,,,,,,,,,,,
,,,,,,,,,,,,,,,,,,,,,,,,,,,,
,,,,,,,,,,,,,,,,,,,,,,,,,,,,
,,,,,,,,,,,,,,,,,,,,,,,,,,,,
,,,,,,,,,,,,,,,,,,,,,,,,,,,,
,,,,,,,,,,,,,,,,,,,,,,,,,,,,
,,,,,,,,,,,,,,,,,,,,,,,,,,,,
,,,,,,,,,,,,,,,,,,,,,,,,,,,,
,,,,,,,,,,,,,,,,,,,,,,,,,,,,
,,,,,,,,,,,,,,,,,,,,,,,,,,,,
,,,,,,,,,,,,,,,,,,,,,,,,,,,,
,,,,,,,,,,,,,,,,,,,,,,,,,,,,
,,,,,,,,,,,,,,,,,,,,,,,,,,,,
,,,,,,,,,,,,,,,,,,,,,,,,,,,,
,,,,,,,,,,,,,,,,,,,,,,,,,,,,
,,,,,,,,,,,,,,,,,,,,,,,,,,,,
,,,,,,,,,,,,,,,,,,,,,,,,,,,,
,,,,,,,,,,,,,,,,,,,,,,,,,,,,
,,,,,,,,,,,,,,,,,,,,,,,,,,,,
,,,,,,,,,,,,,,,,,,,,,,,,,,,,
,,,,,,,,,,,,,,,,,,,,,,,,,,,,
,,,,,,,,,,,,,,,,,,,,,,,,,,,,
,,,,,,,,,,,,,,,,,,,,,,,,,,,,
,,,,,,,,,,,,,,,,,,,,,,,,,,,,
,,,,,,,,,,,,,,,,,,,,,,,,,,,,
,,,,,,,,,,,,,,,,,,,,,,,,,,,,
,,,,,,,,,,,,,,,,,,,,,,,,,,,,
,,,,,,,,,,,,,,,,,,,,,,,,,,,,
,,,,,,,,,,,,,,,,,,,,,,,,,,,,
,,,,,,,,,,,,,,,,,,,,,,,,,,,,
,,,,,,,,,,,,,,,,,,,,,,,,,,,,
,,,,,,,,,,,,,,,,,,,,,,,,,,,,
,,,,,,,,,,,,,,,,,,,,,,,,,,,,
,,,,,,,,,,,,,,,,,,,,,,,,,,,,
,,,,,,,,,,,,,,,,,,,,,,,,,,,,
,,,,,,,,,,,,,,,,,,,,,,,,,,,,
,,,,,,,,,,,,,,,,,,,,,,,,,,,,
,,,,,,,,,,,,,,,,,,,,,,,,,,,,
,,,,,,,,,,,,,,,,,,,,,,,,,,,,
,,,,,,,,,,,,,,,,,,,,,,,,,,,,
,,,,,,,,,,,,,,,,,,,,,,,,,,,,
,,,,,,,,,,,,,,,,,,,,,,,,,,,,
,,,,,,,,,,,,,,,,,,,,,,,,,,,,
,,,,,,,,,,,,,,,,,,,,,,,,,,,,
,,,,,,,,,,,,,,,,,,,,,,,,,,,,
,,,,,,,,,,,,,,,,,,,,,,,,,,,,
,,,,,,,,,,,,,,,,,,,,,,,,,,,,
,,,,,,,,,,,,,,,,,,,,,,,,,,,,
,,,,,,,,,,,,,,,,,,,,,,,,,,,,
,,,,,,,,,,,,,,,,,,,,,,,,,,,,
,,,,,,,,,,,,,,,,,,,,,,,,,,,,
,,,,,,,,,,,,,,,,,,,,,,,,,,,,
,,,,,,,,,,,,,,,,,,,,,,,,,,,,
,,,,,,,,,,,,,,,,,,,,,,,,,,,,
,,,,,,,,,,,,,,,,,,,,,,,,,,,,
,,,,,,,,,,,,,,,,,,,,,,,,,,,,
,,,,,,,,,,,,,,,,,,,,,,,,,,,,
,,,,,,,,,,,,,,,,,,,,,,,,,,,,
,,,,,,,,,,,,,,,,,,,,,,,,,,,,
,,,,,,,,,,,,,,,,,,,,,,,,,,,,
,,,,,,,,,,,,,,,,,,,,,,,,,,,,
,,,,,,,,,,,,,,,,,,,,,,,,,,,,
,,,,,,,,,,,,,,,,,,,,,,,,,,,,
